Product Name,Manufacturer,CPU manufacturer,CPU brand modifier,CPU generation,CPU Speed (GHz),RAM (GB),RAM Type,Bus (MHz),Storage (GB),Screen Size (inch),Screen Resolution,Refresh Rate (Hz),GPU manufacturer,GPU model,GPU type,Weight (kg),Battery,Battery (Wh),Battery life (hours),Price (VND),Original Price (VND),Is Installment 0%,Student Discount (VND),Gifts,Stock Status,url,image,source,saved_path,detail_specs_html_path,norm_ram,norm_storage,norm_price,norm_weight,norm_screen,norm_battery,gpu_score,norm_cpu,battery_score,base_performance_score,gaming_score,ai_graphics_score,office_score,portability_score,general_score,is_gaming_ready,is_ai_ready,is_business_ready,is_ultrabook,is_light,is_small_screen,is_large_screen
MacBook Neo 13 8GB/256GB/20W,apple,Apple,nan,nan,nan,8,,,256.0,13.0,,nan,Apple,Apple A18 PRO GPU,Integrated,nan,16 hours,nan,16.0,15990000,nan,False,0,,In Stock,https://fptshop.com.vn/may-tinh-xach-tay/macbook-neo-13-inch-8gb-256gb?sku=00926644,https://cdn2.fptshop.com.vn/unsafe/Mac_Book_13_in_A18_Pro_Citrus_1_f70ec68b06.png,fpt,,,0.0,0.0,0.0,0.5,0.0,0.5,0.48,0.1925,0.5,0.230625,0.34565625,0.3331875,0.37878124999999996,0.6000000000000001,0.3711703125,False,False,False,False,False,True,False
"Laptop Acer Aspire Lite 14 AI AL14-53P-5387 Ultra5 115U/16GB/512GB/14"" FHD+/Win 11",acer,Intel,core ultra 5,5.0,nan,16,,,512.0,14.0,,nan,Intel,Intel Graphics,Integrated,nan,nan,nan,nan,23490000,nan,False,0,,In Stock,https://fptshop.com.vn/may-tinh-xach-tay/acer-aspire-lite-14-ai-al14-53p-5387?sku=00928035,https://cdn2.fptshop.com.vn/unsafe/acer_aspire_lite_14_ai_al14_53p_bac_01_820acdbb1d.png,fpt,,,0.23076923076923067,0.0,0.09969788519637462,0.5,0.1666666666666668,0.5,0.48,0.4481428571428572,0.5,0.38027967032967036,0.4176853021978022,0.4126992857142857,0.4461258516483516,0.5666666666666667,0.44718785119047616,False,False,False,False,False,True,False
"Laptop Asus TUF Gaming A16 FA607NUG-RL129W R7-7445HS/16GB/512GB/16"" FHD+/Nvidia RTX4050 6GB/W11",asus,AMD,ryzen 7,7.0,nan,16,,,512.0,16.0,,nan,NVIDIA,RTX 4050,Dedicated,nan,nan,nan,nan,27990000,nan,False,0,,In Stock,https://fptshop.com.vn/may-tinh-xach-tay/asus-tuf-gaming-fa607nug-rl129w-r7-7445hs?sku=00923544,https://cdn2.fptshop.com.vn/unsafe/asus_tuf_gaming_fa607nu_01_8f99d6ac66.png,fpt,,,0.23076923076923067,0.0,0.16767371601208458,0.5,1.0,0.5,0.64,0.5790000000000001,0.5,0.48716538461538467,0.5404067307692307,0.532765,0.49422442307692305,0.4,0.47290887500000006,False,False,False,False,False,False,True
"Laptop Dell 15 DC15250 i5-1334U/16GB/512GB/15.6"" FHD/Win 11/Office Home 2024/Microsoft 365 (71092479)",dell,Intel,i5-1334u,13.0,nan,16,,,512.0,15.6,,nan,Intel,Intel Graphics,Integrated,nan,nan,nan,nan,22990000,nan,False,0,,In Stock,https://fptshop.com.vn/may-tinh-xach-tay/dell-15-dc15250-i5-1334u-71092479?sku=00927402,https://cdn2.fptshop.com.vn/unsafe/dell_15_dc15250_silver_01_050bd1cfe2.png,fpt,,,0.23076923076923067,0.0,0.09214501510574018,0.5,0.8333333333333333,0.5,0.48,0.6195714285714287,0.5,0.45742252747252754,0.43697101648351644,0.43584214285714284,0.4808401373626374,0.43333333333333335,0.46314261309523813,False,False,False,False,False,False,True
MacBook Neo 13 8GB/256GB/20W,apple,Apple,nan,nan,nan,8,,,256.0,13.0,,nan,Apple,Apple A18 PRO GPU,Integrated,nan,16 hours,nan,16.0,15990000,nan,False,0,,In Stock,https://fptshop.com.vn/may-tinh-xach-tay/macbook-neo-13-inch-8gb-256gb?sku=00926641,https://cdn2.fptshop.com.vn/unsafe/Mac_Book_13_in_A18_Pro_Citrus_1_f70ec68b06.png,fpt,,,0.0,0.0,0.0,0.5,0.0,0.5,0.48,0.1925,0.5,0.230625,0.34565625,0.3331875,0.37878124999999996,0.6000000000000001,0.3711703125,False,False,False,False,False,True,False
"Laptop HP 15-fd1289TU Ultra 7-155H/AI/16GB/512GB/15.6""FHD/Win11_C2CV8PA",hp,Intel,core ultra 7,7.0,nan,16,,,512.0,15.6,,nan,Intel,Intel Graphics,Integrated,nan,nan,nan,nan,24990000,nan,False,0,,In Stock,https://fptshop.com.vn/may-tinh-xach-tay/hp-15-fd1289tu-ultra-7-155h-c2cv8pa?sku=00922844,https://cdn2.fptshop.com.vn/unsafe/00922844_hp_15_fd1289tu_c2cv8pa_bac_01_216c5b8b09.png,fpt,,,0.23076923076923067,0.0,0.12235649546827794,0.5,0.8333333333333333,0.5,0.48,0.5790000000000001,0.5,0.4391653846153847,0.43240673076923075,0.430365,0.4726244230769231,0.43333333333333335,0.45305554166666673,False,False,False,False,False,False,True
MacBook Neo 13 8GB/256GB/20W,apple,Apple,nan,nan,nan,8,,,256.0,13.0,,nan,Apple,Apple A18 PRO GPU,Integrated,nan,16 hours,nan,16.0,15990000,nan,False,0,,In Stock,https://fptshop.com.vn/may-tinh-xach-tay/macbook-neo-13-inch-8gb-256gb?sku=00926643,https://cdn2.fptshop.com.vn/unsafe/Mac_Book_13_in_A18_Pro_Citrus_1_f70ec68b06.png,fpt,,,0.0,0.0,0.0,0.5,0.0,0.5,0.48,0.1925,0.5,0.230625,0.34565625,0.3331875,0.37878124999999996,0.6000000000000001,0.3711703125,False,False,False,False,False,True,False
MacBook Neo 13 8GB/256GB/20W,apple,Apple,nan,nan,nan,8,,,256.0,13.0,,nan,Apple,Apple A18 PRO GPU,Integrated,nan,16 hours,nan,16.0,15990000,nan,False,0,,In Stock,https://fptshop.com.vn/may-tinh-xach-tay/macbook-neo-13-inch-8gb-256gb?sku=00926642,https://cdn2.fptshop.com.vn/unsafe/Mac_Book_13_in_A18_Pro_Citrus_1_f70ec68b06.png,fpt,,,0.0,0.0,0.0,0.5,0.0,0.5,0.48,0.1925,0.5,0.230625,0.34565625,0.3331875,0.37878124999999996,0.6000000000000001,0.3711703125,False,False,False,False,False,True,False
"Laptop Lenovo IdeaPad Slim 3 14ARP10 R5-7535HS/16GB/512GB/14""WUXGA/W11SL (83K600E6VN)",lenovo,AMD,ryzen 5,5.0,nan,16,,,512.0,14.0,,nan,AMD,AMD Radeon Graphics,Integrated,nan,nan,nan,nan,18990000,nan,False,0,,In Stock,https://fptshop.com.vn/may-tinh-xach-tay/lenovo-ideapad-slim-3-14arp10-r5-7535hs-83k600e6vn?sku=00927908,https://cdn2.fptshop.com.vn/unsafe/lenovo_ideapad_slim_3_14arp10_xam_01_f3e56b5b24.png,fpt,,,0.23076923076923067,0.0,0.03172205438066465,0.5,0.1666666666666668,0.5,0.48,0.4481428571428572,0.5,0.38027967032967036,0.4176853021978022,0.4126992857142857,0.4461258516483516,0.5666666666666667,0.44718785119047616,False,False,False,False,False,True,False
"Laptop Acer Gaming Nitro ProPanel ANV15-41-R7CR R5 7535HS/16GB/512GB/15.6"" FHD/Nvidia GeForce RTX4050 6GB/Win11",acer,AMD,ryzen 5,5.0,nan,16,,,512.0,15.6,,nan,NVIDIA,RTX 4050,Dedicated,nan,nan,nan,nan,27990000,nan,False,0,,In Stock,https://fptshop.com.vn/may-tinh-xach-tay/acer-gaming-nitro-v-15-propanel-anv15-41-r7cr-r5-7535hs?sku=00920710,https://cdn2.fptshop.com.vn/unsafe/acer_nitro_propanel_anv15_41_black_01_0e20a85af5.png,fpt,,,0.23076923076923067,0.0,0.16767371601208458,0.5,0.8333333333333333,0.5,0.64,0.4481428571428572,0.5,0.42827967032967035,0.5256853021978022,0.5150992857142858,0.4677258516483517,0.43333333333333335,0.44704118452380953,False,False,False,False,False,False,True
"Laptop Colorful Rimbook S1 i5 12450H/16GB/512GB/14""WUXGA/Win11 (A10208000034)",colorful,nan,core i5,nan,nan,16,,,512.0,14.0,,nan,Intel,Intel UHD,Integrated,nan,nan,nan,nan,15990000,nan,False,0,,In Stock,https://fptshop.com.vn/may-tinh-xach-tay/colorful-rimbook-s1-i5-12450h-a10208000034?sku=00928645,https://cdn2.fptshop.com.vn/unsafe/00928645_colorful_rimbook_s1_bac_01_b565ee8f31.png,fpt,,,0.23076923076923067,0.0,0.0,0.5,0.1666666666666668,0.5,0.48,0.341,0.5,0.3320653846153846,0.40563173076923076,0.398235,0.4244294230769231,0.5666666666666667,0.42054945833333335,False,False,False,False,False,True,False
MacBook Air 13 M5 2026 10CPU/8GPU/16GB/512GB/30W,apple,Apple,m5,nan,nan,16,,,512.0,13.6,,nan,Apple,Apple M5 8-core GPU,Integrated,nan,18 hours,nan,18.0,29490000,nan,False,0,,In Stock,https://fptshop.com.vn/may-tinh-xach-tay/macbook-air-13-m5-2026-10cpu-8gpu-16gb-512gb?sku=00926591,https://cdn2.fptshop.com.vn/unsafe/macbook_air_13_m5_starlight_1_bfd6f1c5ed.png,fpt,,,0.23076923076923067,0.0,0.1903323262839879,0.5,0.0,0.5,0.48,0.1925,0.5,0.2652403846153846,0.3889254807692307,0.3781875,0.394358173076923,0.6000000000000001,0.39029531249999994,False,False,False,False,False,True,False
MacBook Air 13 M5 2026 10CPU/8GPU/16GB/512GB/30W,apple,Apple,m5,nan,nan,16,,,512.0,13.6,,nan,Apple,Apple M5 8-core GPU,Integrated,nan,18 hours,nan,18.0,29490000,nan,False,0,,In Stock,https://fptshop.com.vn/may-tinh-xach-tay/macbook-air-13-m5-2026-10cpu-8gpu-16gb-512gb?sku=00926588,https://cdn2.fptshop.com.vn/unsafe/macbook_air_13_m5_starlight_1_bfd6f1c5ed.png,fpt,,,0.23076923076923067,0.0,0.1903323262839879,0.5,0.0,0.5,0.48,0.1925,0.5,0.2652403846153846,0.3889254807692307,0.3781875,0.394358173076923,0.6000000000000001,0.39029531249999994,False,False,False,False,False,True,False
MacBook Air 13 M5 2026 10CPU/8GPU/16GB/512GB/30W,apple,Apple,m5,nan,nan,16,,,512.0,13.6,,nan,Apple,Apple M5 8-core GPU,Integrated,nan,18 hours,nan,18.0,29490000,nan,False,0,,In Stock,https://fptshop.com.vn/may-tinh-xach-tay/macbook-air-13-m5-2026-10cpu-8gpu-16gb-512gb?sku=00926589,https://cdn2.fptshop.com.vn/unsafe/macbook_air_13_m5_starlight_1_bfd6f1c5ed.png,fpt,,,0.23076923076923067,0.0,0.1903323262839879,0.5,0.0,0.5,0.48,0.1925,0.5,0.2652403846153846,0.3889254807692307,0.3781875,0.394358173076923,0.6000000000000001,0.39029531249999994,False,False,False,False,False,True,False
"Laptop Lenovo Gaming LOQ Essential 15ARP10E Ryzen 7 170/16GB/1TB/15.6"" FHD/RTX3050/W11H (83S000DCVN)",lenovo,AMD,ryzen 7,7.0,nan,16,,,1000.0,15.6,,nan,NVIDIA,RTX 3050,Dedicated,nan,nan,nan,nan,28590000,nan,False,0,,In Stock,https://fptshop.com.vn/may-tinh-xach-tay/lenovo-gaming-loq-15arp10e-ryzen-7-170-83s000dcvn?sku=00926106,https://cdn2.fptshop.com.vn/unsafe/lenovo_gaming_loq_15arp10e_xam_01_9030b306bc.png,fpt,,,0.23076923076923067,0.3279569892473118,0.17673716012084592,0.5,0.8333333333333333,0.5,0.64,0.5790000000000001,0.5,0.5199610835401158,0.5486056555004136,0.5426037096774193,0.5089824875930521,0.43333333333333335,0.4976951653225806,False,False,False,False,False,False,True
"Laptop MSI Gaming Cyborg 15 B13WFKG-658VN i7 13620H/AI/16GB/1TB/15.6""/Nvidia GeForce RTX5060 8GB/Win11_Balo",msi,nan,core i7,nan,nan,16,,,1000.0,15.6,,nan,NVIDIA,RTX 5060,Dedicated,nan,nan,nan,nan,39990000,nan,False,0,,In Stock,https://fptshop.com.vn/may-tinh-xach-tay/msi-gaming-cyborg-15-b13wfkg-658vn-i7-13620h?sku=00923911,https://cdn2.fptshop.com.vn/unsafe/msi_cyborg_15_b13wx_den_01_0da767cd4c.png,fpt,,,0.23076923076923067,0.3279569892473118,0.34894259818731116,0.5,0.8333333333333333,0.5,0.64,0.42900000000000005,0.5,0.45246108354011577,0.5317306555004135,0.5223537096774193,0.47860748759305205,0.43333333333333335,0.4604014153225806,False,False,False,False,False,False,True
"Laptop HP OmniBook 5 AI 16-af1048TU Ultra 5-225U/16GB/512GB/16""/Win11/Office HS24 (BZ7Q9PA)",hp,Intel,core ultra 5,5.0,nan,16,,,512.0,16.0,,nan,Intel,Intel Graphics,Integrated,nan,nan,nan,nan,26490000,nan,False,0,,In Stock,https://fptshop.com.vn/may-tinh-xach-tay/hp-omnibook-5-ai-16-af1048tu-ultra-5-225u-bz7q9pa?sku=00920700,https://cdn2.fptshop.com.vn/unsafe/00920700_hp_omnibook_5_ai_16_af10xx_silver_01_0eaec1bdde.png,fpt,,,0.23076923076923067,0.0,0.14501510574018128,0.5,1.0,0.5,0.48,0.4481428571428572,0.5,0.38027967032967036,0.4176853021978022,0.4126992857142857,0.4461258516483516,0.4,0.41385451785714283,False,False,False,False,False,False,True
MacBook Pro 14 M5 2026 10CPU/10GPU/16GB/1TB/96W,apple,Apple,m5,nan,nan,16,,,1000.0,14.0,,nan,Apple,Apple M5 10-core GPU,Integrated,nan,nan,nan,nan,44490000,nan,False,0,,In Stock,https://fptshop.com.vn/may-tinh-xach-tay/macbook-pro-14-m5-2026-10cpu-10gpu-16gb-1tb-96w?sku=00927288,https://cdn2.fptshop.com.vn/unsafe/macbook_pro_14_m5_2025_den_1_c0818fdf94.jpg,fpt,,,0.23076923076923067,0.3279569892473118,0.4169184290030212,0.5,0.1666666666666668,0.5,0.48,0.1925,0.5,0.29803608354011574,0.3971244055004135,0.38802620967741935,0.40911623759305205,0.5666666666666667,0.4017482694892473,False,False,False,False,False,True,False
MacBook Pro 14 M5 2026 10CPU/10GPU/16GB/1TB/96W,apple,Apple,m5,nan,nan,16,,,1000.0,14.0,,nan,Apple,Apple M5 10-core GPU,Integrated,nan,nan,nan,nan,44490000,nan,False,0,,In Stock,https://fptshop.com.vn/may-tinh-xach-tay/macbook-pro-14-m5-2026-10cpu-10gpu-16gb-1tb-96w?sku=00927287,https://cdn2.fptshop.com.vn/unsafe/macbook_pro_14_m5_2025_den_1_c0818fdf94.jpg,fpt,,,0.23076923076923067,0.3279569892473118,0.4169184290030212,0.5,0.1666666666666668,0.5,0.48,0.1925,0.5,0.29803608354011574,0.3971244055004135,0.38802620967741935,0.40911623759305205,0.5666666666666667,0.4017482694892473,False,False,False,False,False,True,False
"Laptop HP OmniBook 7 14-fr0033TU Ultra 5-225U/AI/16GB/512GB/14""/Win11/HS24/OS365 (C1MN2PA)",hp,Intel,core ultra 5,5.0,nan,16,,,512.0,14.0,,nan,Intel,Intel Graphics,Integrated,nan,nan,nan,nan,27490000,nan,False,0,,In Stock,https://fptshop.com.vn/may-tinh-xach-tay/hp-omnibook-7-14-fr0033tu-ultra-5-225u-c1mn2pa?sku=00921488,https://cdn2.fptshop.com.vn/unsafe/00921488_hp_omnibook_7_14_fr0033tu_bac_01_fb14b7c88d.png,fpt,,,0.23076923076923067,0.0,0.16012084592145015,0.5,0.1666666666666668,0.5,0.48,0.4481428571428572,0.5,0.38027967032967036,0.4176853021978022,0.4126992857142857,0.4461258516483516,0.5666666666666667,0.44718785119047616,False,False,False,False,False,True,False
"Laptop Asus Vivobook X1404VA-EB355W Core 7 150U/16GB/512GB/14"" FHD/Win11",asus,Intel,core 7,nan,nan,16,,,512.0,14.0,,nan,Intel,Intel Graphics,Integrated,nan,nan,nan,nan,21690000,nan,False,0,,In Stock,https://fptshop.com.vn/may-tinh-xach-tay/asus-vivobook-x1404va-eb355w-core-7-150u?sku=00924298,https://cdn2.fptshop.com.vn/unsafe/asus_vivobook_14_x1404_1_172d6c07b6.png,fpt,,,0.23076923076923067,0.0,0.07250755287009064,0.5,0.1666666666666668,0.5,0.48,0.42900000000000005,0.5,0.3716653846153846,0.4155317307692307,0.410115,0.44224942307692305,0.5666666666666667,0.44242845833333333,False,False,False,False,False,True,False
"Laptop Acer Gaming Nitro ProPanel ANV15-52-59AA i5 13420H/AI/16GB/512GB/15.6""FHD/RTX 5050 8GB/Win11",acer,nan,core i5,nan,nan,16,,,512.0,15.6,,nan,NVIDIA,RTX 5050,Dedicated,nan,nan,nan,nan,32390000,nan,False,0,,In Stock,https://fptshop.com.vn/may-tinh-xach-tay/acer-gaming-nitro-v-15-anv15-52-59aa-i5-13420h?sku=00920562,https://cdn2.fptshop.com.vn/unsafe/acer_nitro_propanel_anv15_52_black_logo_ai_b69623a59b.png,fpt,,,0.23076923076923067,0.0,0.23413897280966767,0.5,0.8333333333333333,0.5,0.64,0.341,0.5,0.38006538461538464,0.5136317307692307,0.500635,0.44602942307692306,0.43333333333333335,0.42040279166666666,False,False,False,False,False,False,True
"Laptop Asus Vivobook M1502NAQ-BQ021W R5-150/16GB/512GB/15.6"" FHD/Win11",asus,AMD,ryzen 5,5.0,nan,16,,,512.0,15.6,,nan,AMD,AMD Radeon Graphics,Integrated,nan,nan,nan,nan,18090000,nan,False,0,,In Stock,https://fptshop.com.vn/may-tinh-xach-tay/asus-vivobook-m1502naq-bq021w-r5-150?sku=00925132,https://cdn2.fptshop.com.vn/unsafe/asus_vivobook_m1502naq_silver_01_baeefcd9dd.png,fpt,,,0.23076923076923067,0.0,0.01812688821752266,0.5,0.8333333333333333,0.5,0.48,0.4481428571428572,0.5,0.38027967032967036,0.4176853021978022,0.4126992857142857,0.4461258516483516,0.43333333333333335,0.4205211845238095,False,False,False,False,False,False,True
"Laptop Dell 15 DC15250 i5-1334U/8GB/512GB/15.6"" FHD Touch/Win 11_NK (884116430315)",dell,Intel,i5-1334u,13.0,nan,8,,,512.0,15.6,,nan,Intel,Intel Graphics,Integrated,nan,nan,nan,nan,16490000,nan,False,0,,In Stock,https://fptshop.com.vn/may-tinh-xach-tay/dell-15-dc15250-i5-1334u-884116430315?sku=00927424,https://cdn2.fptshop.com.vn/unsafe/dell_15_dc15250_black_01_125a41fb5a.png,fpt,,,0.0,0.0,0.0,0.5,0.8333333333333333,0.5,0.48,0.6195714285714287,0.5,0.42280714285714294,0.3937017857142857,0.3908421428571429,0.46526321428571427,0.43333333333333335,0.44401761309523813,False,False,False,False,False,False,True
"Laptop Asus Vivobook M1405NAQ-LY010W R5 150/16GB/512GB/14"" WUXGA/Win11",asus,AMD,ryzen 5,5.0,nan,16,,,512.0,14.0,,nan,AMD,AMD Radeon Graphics,Integrated,nan,nan,nan,nan,17990000,nan,False,0,,In Stock,https://fptshop.com.vn/may-tinh-xach-tay/asus-vivobook-m1405naq-ly010w-r5-150?sku=00924297,https://cdn2.fptshop.com.vn/unsafe/asus_vivobook_m1405naq_bac_01_e071d0ffd2.png,fpt,,,0.23076923076923067,0.0,0.01661631419939577,0.5,0.1666666666666668,0.5,0.48,0.4481428571428572,0.5,0.38027967032967036,0.4176853021978022,0.4126992857142857,0.4461258516483516,0.5666666666666667,0.44718785119047616,False,False,False,False,False,True,False
"Laptop HP 240R G9 i3-1315U/8GB/512GB/14""FHD/Win11 (AX3C6AT)",hp,Intel,i3-1315u,13.0,nan,8,,,512.0,14.0,,nan,Intel,Intel UHD,Integrated,nan,nan,nan,nan,15490000,nan,False,0,,In Stock,https://fptshop.com.vn/may-tinh-xach-tay/hp-240r-g9-i3-1315u-ax3c6at?sku=00926743,https://cdn2.fptshop.com.vn/unsafe/hp_240r_g9_xam_bac_01_0d2a4d2066.png,fpt,,,0.0,0.0,0.0,0.5,0.1666666666666668,0.5,0.48,0.5260714285714286,0.5,0.38073214285714285,0.3831830357142857,0.3782196428571429,0.4463294642857143,0.5666666666666667,0.4474378422619048,False,False,False,False,False,True,False
"Laptop HP 250R G9 Core 5 120U/16GB/512GB/15.6"" FHD/Win11 (C40LKAT)",hp,Intel,core 5,nan,nan,16,,,512.0,15.6,,nan,Intel,Intel UHD,Integrated,nan,nan,nan,nan,20890000,nan,False,0,,In Stock,https://fptshop.com.vn/may-tinh-xach-tay/hp-250r-g9-core-5-120u-c40lkat?sku=00926043,https://cdn2.fptshop.com.vn/unsafe/hp_250r_g9_black_01_4fe59a48f0.png,fpt,,,0.23076923076923067,0.0,0.06042296072507553,0.5,0.8333333333333333,0.5,0.48,0.341,0.5,0.3320653846153846,0.40563173076923076,0.398235,0.4244294230769231,0.43333333333333335,0.3938827916666667,False,False,False,False,False,False,True
"Laptop Acer Gaming Nitro ProPanel ANV15-52-72BM i7 13620H/AI/16GB/512GB/15.6""FHD/Nvidia GeForce RTX 5050 8GB/Win11",acer,nan,core i7,nan,nan,16,,,512.0,15.6,,nan,NVIDIA,RTX 5050,Dedicated,nan,nan,nan,nan,34290000,nan,False,0,,In Stock,https://fptshop.com.vn/may-tinh-xach-tay/acer-gaming-nitro-v-15-propanel-anv15-52-72bm-i7-13620h?sku=00920561,https://cdn2.fptshop.com.vn/unsafe/acer_nitro_propanel_anv15_52_black_logo_ai_b69623a59b.png,fpt,,,0.23076923076923067,0.0,0.2628398791540785,0.5,0.8333333333333333,0.5,0.64,0.42900000000000005,0.5,0.4196653846153846,0.5235317307692308,0.512515,0.463849423076923,0.43333333333333335,0.4422817916666666,False,False,False,False,False,False,True
"Laptop HP 250R G10 Core 5-120U/16GB/512GB/15.6"" FHD/Win11 (C3SH7AT)",hp,Intel,core 5,nan,nan,16,,,512.0,15.6,,nan,Intel,Intel Graphics,Integrated,nan,nan,nan,nan,22490000,nan,False,0,,In Stock,https://fptshop.com.vn/may-tinh-xach-tay/hp-250r-g10-core-5-120u-c3sh7at?sku=00922642,https://cdn2.fptshop.com.vn/unsafe/hp_250r_g10_silver_no_figer_01_4189a6deca.png,fpt,,,0.23076923076923067,0.0,0.08459214501510574,0.5,0.8333333333333333,0.5,0.48,0.341,0.5,0.3320653846153846,0.40563173076923076,0.398235,0.4244294230769231,0.43333333333333335,0.3938827916666667,False,False,False,False,False,False,True
"Laptop HP OmniBook 5 Flip X360 14-fp0057TU Core 5-120U/16GB/512GB/14""/Win11/HS24 (BZ7Q6PA)",hp,Intel,core 5,nan,nan,16,,,512.0,14.0,,nan,Intel,Intel Graphics,Integrated,nan,nan,nan,nan,26890000,nan,False,0,,In Stock,https://fptshop.com.vn/may-tinh-xach-tay/hp-omnibook-5-flip-x360-14-fp0057tu-core-5-120u-bz7q6pa?sku=00922651,https://cdn2.fptshop.com.vn/unsafe/hp_omnibook_5_flip_x360_14_silver_01_f9f2de065f.png,fpt,,,0.23076923076923067,0.0,0.1510574018126888,0.5,0.1666666666666668,0.5,0.48,0.341,0.5,0.3320653846153846,0.40563173076923076,0.398235,0.4244294230769231,0.5666666666666667,0.42054945833333335,False,False,False,False,False,True,False
"Laptop HP OmniBook 5 AI 16-af1054TU Ultra 7-255U/32GB/512GB/16""/W11/HS24 (C1MN8PA)",hp,Intel,core ultra 7,7.0,nan,32,,,512.0,16.0,,nan,Intel,Intel Graphics,Integrated,nan,nan,nan,nan,32290000,nan,False,0,,In Stock,https://fptshop.com.vn/may-tinh-xach-tay/hp-omnibook-5-ai-16-af1054tu-ultra-7-255u-c1mn8pa?sku=00922648,https://cdn2.fptshop.com.vn/unsafe/00922648_hp_omnibook_5_ai_16_af10xx_silver_01_0129b06ec5.png,fpt,,,1.0,0.0,0.2326283987915408,0.5,1.0,0.5,0.48,0.5790000000000001,0.5,0.5545500000000001,0.5766375,0.580365,0.5245475,0.4,0.510138875,False,False,False,False,False,False,True
"Laptop Acer Aspire Go 15 AI AG15-52P-52WT Ultra5 115U/16GB/512GB/15.6"" FHD/Win11",acer,Intel,core ultra 5,5.0,nan,16,,,512.0,15.6,,nan,Intel,Intel Graphics,Integrated,nan,nan,nan,nan,23490000,nan,False,0,,In Stock,https://fptshop.com.vn/may-tinh-xach-tay/acer-aspire-go-15-ai-ag15-52p-52wt?sku=00928037,https://cdn2.fptshop.com.vn/unsafe/acer_aspire_go_15_ag15_52p_bac_01_dd19f61fae.png,fpt,,,0.23076923076923067,0.0,0.09969788519637462,0.5,0.8333333333333333,0.5,0.48,0.4481428571428572,0.5,0.38027967032967036,0.4176853021978022,0.4126992857142857,0.4461258516483516,0.43333333333333335,0.4205211845238095,False,False,False,False,False,False,True
"Laptop Asus Vivobook S3407VA-LY146W Core 5-210H/16GB/512GB/14"" WUXGA/Win11",asus,Intel,core 5,nan,nan,16,,,512.0,14.0,,nan,Intel,Intel UHD,Integrated,1.4,nan,nan,nan,19990000,nan,False,0,,In Stock,https://fptshop.com.vn/may-tinh-xach-tay/asus-vivobook-s3407va-ly146w-core-5-210h?sku=00920719,https://cdn2.fptshop.com.vn/unsafe/asus_vivobook_s3407va_bac_01_ec1483250f.png,fpt,,,0.23076923076923067,0.0,0.04682779456193353,0.0,0.1666666666666668,0.5,0.48,0.341,0.5,0.3320653846153846,0.40563173076923076,0.398235,0.2494294230769231,0.3416666666666667,0.2967994583333333,False,False,False,False,True,True,False
"Laptop Asus Vivobook A1407QA-LY114W Qualcomm X1-26-100/AI/16GB/512GB/14"" WUXGA/Win11",asus,Qualcomm,x1-26-100,nan,nan,16,,,512.0,14.0,,nan,Qualcomm,Qualcomm Adreno,Integrated,nan,nan,nan,nan,18290000,nan,False,0,,In Stock,https://fptshop.com.vn/may-tinh-xach-tay/asus-vivobook-a1407qa-ly114w-qualcomm-x1-26-100?sku=00925134,https://cdn2.fptshop.com.vn/unsafe/asus_vivobook_x1407_bac_logo_ai_788c8243e8.png,fpt,,,0.23076923076923067,0.0,0.021148036253776436,0.5,0.1666666666666668,0.5,0.45,0.1925,0.5,0.2562403846153846,0.3686754807692308,0.3589875,0.3903081730769231,0.5666666666666667,0.37865614583333335,False,False,False,False,False,True,False
"Laptop Asus Vivobook X1407CA-LY008W Ultra 5 225H/AI/16GB/512GB/14""/Win11",asus,Intel,core ultra 5,5.0,nan,16,,,512.0,14.0,,nan,Intel,Intel Arc Graphics,Integrated,nan,nan,nan,nan,21890000,nan,False,0,,In Stock,https://fptshop.com.vn/may-tinh-xach-tay/asus-vivobook-x1407ca-ly008w-ultra-5-225h?sku=00924967,https://cdn2.fptshop.com.vn/unsafe/asus_vivobook_x1407_bac_01_0929c98029.png,fpt,,,0.23076923076923067,0.0,0.0755287009063444,0.5,0.1666666666666668,0.5,0.48,0.4481428571428572,0.5,0.38027967032967036,0.4176853021978022,0.4126992857142857,0.4461258516483516,0.5666666666666667,0.44718785119047616,False,False,False,False,False,True,False
"Laptop Acer Aspire Go 14 AG14-72P-563L Core 5 120U/16GB/512GB/14"" FHD+/Win11",acer,Intel,core 5,nan,nan,16,,,512.0,14.0,,nan,Intel,Intel Graphics,Integrated,nan,10 hours,nan,10.0,19890000,nan,False,0,,In Stock,https://fptshop.com.vn/may-tinh-xach-tay/acer-aspire-go-14-ag14-72p-563l-core-5-120u?sku=00923432,https://cdn2.fptshop.com.vn/unsafe/acer_aspire_go_14_ag14_72p_01_37a7023e47.png,fpt,,,0.23076923076923067,0.0,0.045317220543806644,0.5,0.1666666666666668,0.5,0.48,0.341,0.5,0.3320653846153846,0.40563173076923076,0.398235,0.4244294230769231,0.5666666666666667,0.42054945833333335,False,False,False,False,False,True,False
"Laptop Acer Gaming Nitro ProPanel ANV15-41-R0Y4 R7 7735HS/16GB/512GB/15.6""FHD/Nvidia GeForce RTX4050 6GB/Win11",acer,AMD,ryzen 7,7.0,nan,16,,,512.0,15.6,,nan,NVIDIA,RTX 4050,Dedicated,nan,nan,nan,nan,29990000,nan,False,0,,In Stock,https://fptshop.com.vn/may-tinh-xach-tay/acer-gaming-nitro-v-15-propanel-anv15-41-r0y4-r7-7735hs?sku=00920714,https://cdn2.fptshop.com.vn/unsafe/acer_nitro_propanel_anv15_41_black_01_0e20a85af5.png,fpt,,,0.23076923076923067,0.0,0.19788519637462235,0.5,0.8333333333333333,0.5,0.64,0.5790000000000001,0.5,0.48716538461538467,0.5404067307692307,0.532765,0.49422442307692305,0.43333333333333335,0.4795755416666667,False,False,False,False,False,False,True
"Laptop Acer Gaming Nitro ProPanel ANV15-52-59RR Core 5 210H/AI/16GB/512GB/15.6""/Nvidia GeForce RTX5050 8GB/Win11",acer,Intel,core 5,nan,nan,16,,,512.0,15.6,,nan,NVIDIA,RTX 5050,Dedicated,nan,nan,nan,nan,33990000,nan,False,0,,In Stock,https://fptshop.com.vn/may-tinh-xach-tay/acer-gaming-nitro-v-15-propanel-anv15-52-59rr-core-5-210h?sku=00923433,https://cdn2.fptshop.com.vn/unsafe/acer_nitro_propanel_anv15_52_black_logo_ai_b69623a59b.png,fpt,,,0.23076923076923067,0.0,0.2583081570996979,0.5,0.8333333333333333,0.5,0.64,0.341,0.5,0.38006538461538464,0.5136317307692307,0.500635,0.44602942307692306,0.43333333333333335,0.42040279166666666,False,False,False,False,False,False,True
"Laptop HP 14-ep1200TU Ultra 7 155H/AI/24GB/512GB/14""FHD/Win11 (D0BG9PA)",hp,Intel,ultra 7,7.0,nan,24,,,512.0,14.0,,nan,Intel,Intel Arc Graphics,Integrated,nan,nan,nan,nan,26990000,nan,False,0,,In Stock,https://fptshop.com.vn/may-tinh-xach-tay/hp-14-ep1200tu-ultra-7-155h-d0bg9pa?sku=00924920,https://cdn2.fptshop.com.vn/unsafe/hp_14_ep1201tu_bac_01_49ace4ff87.png,fpt,,,0.6153846153846153,0.0,0.15256797583081572,0.5,0.1666666666666668,0.5,0.48,0.5790000000000001,0.5,0.4968576923076924,0.5045221153846153,0.5053650000000001,0.4985859615384616,0.5666666666666667,0.5115972083333333,False,False,False,False,False,True,False
"Laptop Asus Vivobook S16 M3607GA-SH034W Ryzen AI 7 445/16GB/512GB/16"" OLED/Win11",asus,AMD,ryzen ai 7,7.0,nan,16,,,512.0,16.0,,nan,AMD,AMD Radeon Graphics,Integrated,nan,nan,nan,nan,27990000,nan,False,0,,In Stock,https://fptshop.com.vn/may-tinh-xach-tay/asus-vivobook-s16-m3607ga-sh034w-ryzen-ai-7-445?sku=00925806,https://cdn2.fptshop.com.vn/unsafe/asus_vivobook_s16_m3607ga_xam_logo_ai_69fea31214.png,fpt,,,0.23076923076923067,0.0,0.16767371601208458,0.5,1.0,0.5,0.48,0.3425,0.5,0.3327403846153846,0.4058004807692307,0.3984375,0.42473317307692304,0.4,0.38758906249999997,False,False,False,False,False,False,True
"Laptop Acer Aspire 7 Gaming A715-59G-57TU i5 12450H/16GB/512GB/15.6""FHD/Nvidia Geforce RTX3050 6GB/Win11",acer,nan,core i5,nan,nan,16,,,512.0,15.6,,nan,NVIDIA,RTX 3050,Dedicated,nan,nan,nan,nan,21490000,nan,False,0,,In Stock,https://fptshop.com.vn/may-tinh-xach-tay/acer-aspire-7-gaming-a715-59g-57tu-i5-12450h-16gb?sku=00919259,https://cdn2.fptshop.com.vn/unsafe/Acer_Aspire_7_Gaming_A715_59_G_1_8776bc6007.png,fpt,,,0.23076923076923067,0.0,0.06948640483383686,0.5,0.8333333333333333,0.5,0.64,0.341,0.5,0.38006538461538464,0.5136317307692307,0.500635,0.44602942307692306,0.43333333333333335,0.42040279166666666,False,False,False,False,False,False,True
"Laptop Asus Vivobook S14 S3407CA-LY095WS Ultra 5 225H/AI/16GB/512GB/14"" WUXGA/Win11/Office HS24/OS365",asus,Intel,ultra 5,5.0,nan,16,,,512.0,14.0,,nan,Intel,Intel UHD,Integrated,1.4,nan,nan,nan,23690000,nan,False,0,,In Stock,https://fptshop.com.vn/may-tinh-xach-tay/asus-vivobook-s14-s3407ca-ly095ws-ultra-5-225h,https://cdn2.fptshop.com.vn/unsafe/00918028_asus_vivobook_s14_s3407_gray_1_4fb4dd18ec.png,fpt,,,0.23076923076923067,0.0,0.1027190332326284,0.0,0.1666666666666668,0.5,0.48,0.4481428571428572,0.5,0.38027967032967036,0.4176853021978022,0.4126992857142857,0.2711258516483517,0.3416666666666667,0.3234378511904762,False,False,False,False,True,True,False
"Laptop Colorful Rimbook L1 i3-1220P/16GB/512GB/15.6"" FHD/Win11_CA30016512C-G-E1AD",colorful,Intel,i3-1220p,12.0,nan,16,,,512.0,15.6,,nan,Intel,Intel UHD,Integrated,nan,nan,nan,nan,12990000,nan,False,0,,In Stock,https://fptshop.com.vn/may-tinh-xach-tay/colorful-rimbook-l1-i3-1220p-ca30016512c-g-e1ac?sku=00918649,https://cdn2.fptshop.com.vn/unsafe/colorful_rimbook_l1_xam_1_96ce53228b.png,fpt,,,0.23076923076923067,0.0,0.0,0.5,0.8333333333333333,0.5,0.48,0.5046428571428572,0.5,0.40570467032967034,0.42404155219780215,0.4203267857142857,0.4575671016483517,0.43333333333333335,0.4345684970238095,False,False,False,False,False,False,True
"Laptop Lenovo Ideapad Slim 3 14IRH10 i5 13420H/16GB/512GB/14""WUXGA_OLED/Win 11",lenovo,nan,core i5,nan,nan,16,,,512.0,14.0,,nan,Intel,Intel UHD,Integrated,nan,nan,nan,nan,20590000,nan,False,0,,In Stock,https://fptshop.com.vn/may-tinh-xach-tay/lenovo-ideapad-slim-3-14irh10-i5-13420h-83k0000bvn?sku=00917914,https://cdn2.fptshop.com.vn/unsafe/lenovo_ideapad_slim_3_14irh10_1_6defde5f51.png,fpt,,,0.23076923076923067,0.0,0.055891238670694864,0.5,0.1666666666666668,0.5,0.48,0.341,0.5,0.3320653846153846,0.40563173076923076,0.398235,0.4244294230769231,0.5666666666666667,0.42054945833333335,False,False,False,False,False,True,False
"Laptop Asus Vivobook S14 M3407HA-SF490W R7-260/AI/16GB/512GB/14""OLED/Win11",asus,AMD,ryzen 7,7.0,nan,16,,,512.0,14.0,,nan,AMD,AMD Radeon Graphics,Integrated,nan,nan,nan,nan,24890000,nan,False,0,,In Stock,https://fptshop.com.vn/may-tinh-xach-tay/asus-vivobook-s14-m3407ha-sf490w-r7-260?sku=00926887,https://cdn2.fptshop.com.vn/unsafe/asus_vivobook_s14_m3407ga_xam_logo_ai_368a191e44.png,fpt,,,0.23076923076923067,0.0,0.12084592145015106,0.5,0.1666666666666668,0.5,0.48,0.5790000000000001,0.5,0.4391653846153847,0.43240673076923075,0.430365,0.4726244230769231,0.5666666666666667,0.4797222083333334,False,False,False,False,False,True,False
"Laptop Acer Aspire Lite 14 AL14-52P-309T i3-1305U/8GB/512GB/14"" FHD/Win11",acer,Intel,i3-1305u,13.0,nan,8,,,512.0,14.0,,nan,Intel,Intel UHD,Integrated,nan,nan,nan,nan,14490000,nan,False,0,,In Stock,https://fptshop.com.vn/may-tinh-xach-tay/acer-aspire-lite-14-al14-52p-309t-i3-1305u?sku=00926679,https://cdn2.fptshop.com.vn/unsafe/acer_aspire_lite_14_al14_52p_silver_01_738d57049b.png,fpt,,,0.0,0.0,0.0,0.5,0.1666666666666668,0.5,0.48,0.5260714285714286,0.5,0.38073214285714285,0.3831830357142857,0.3782196428571429,0.4463294642857143,0.5666666666666667,0.4474378422619048,False,False,False,False,False,True,False
"Laptop Dell 15 DC15250 i7-1355U/16GB/512GB/15.6""FHD/Win11/Office Home 2024/Microsoft 365",dell,Intel,i7-1355u,13.0,nan,16,,,512.0,15.6,,nan,Intel,Intel UHD,Integrated,nan,nan,nan,nan,25490000,nan,False,0,,In Stock,https://fptshop.com.vn/may-tinh-xach-tay/dell-15-dc15250-i7-1355u-i7u161w11slu-512gb?sku=00924477,https://cdn2.fptshop.com.vn/unsafe/dell_15_dc15250_silver_01_050bd1cfe2.png,fpt,,,0.23076923076923067,0.0,0.1299093655589124,0.5,0.8333333333333333,0.5,0.48,0.7075714285714286,0.5,0.4970225274725275,0.44687101648351646,0.44772214285714285,0.49866013736263737,0.43333333333333335,0.4850216130952381,False,False,False,False,False,False,True
"Laptop HP 14-em0255AU R5-7530U/16GB/512GB/ 14""FHD/Win11 (C81N3PA)",hp,nan,nan,nan,nan,16,,,512.0,14.0,,nan,AMD,AMD Radeon Graphics,Integrated,nan,nan,nan,nan,17190000,nan,False,0,,In Stock,https://fptshop.com.vn/may-tinh-xach-tay/hp-14-em0255au-r5-7530u-c81n3pa?sku=00923716,https://cdn2.fptshop.com.vn/unsafe/hp_14_em_bac_01_f60ff4a623.png,fpt,,,0.23076923076923067,0.0,0.004531722054380665,0.5,0.1666666666666668,0.5,0.48,0.1925,0.5,0.2652403846153846,0.3889254807692307,0.3781875,0.394358173076923,0.5666666666666667,0.3836286458333333,False,False,False,False,False,True,False
"Laptop HP EliteBook 8 G1i 14 Ultra 7-258V/AI/32GB/512GB/14"" Touch/Win11 (D8CK0AT)",hp,Intel,core ultra 7,7.0,nan,32,,,512.0,14.0,,nan,Intel,Intel Graphics,Integrated,nan,nan,nan,nan,37990000,nan,False,0,,In Stock,https://fptshop.com.vn/may-tinh-xach-tay/hp-elitebook-8-g1i-14-ultra-7-258v-d8ck0at?sku=00928594,https://cdn2.fptshop.com.vn/unsafe/HP_Elite_Book_8_G1i_Bac_logo_ai_88ce7c5e1c.png,fpt,,,1.0,0.0,0.3187311178247734,0.5,0.1666666666666668,0.5,0.48,0.5790000000000001,0.5,0.5545500000000001,0.5766375,0.580365,0.5245475,0.5666666666666667,0.5434722083333334,False,False,False,False,False,True,False
"Laptop Asus Vivobook X1605VA-MB1826W i3-1315U /8GB/512GB/16"" WUXGA/Win11",asus,Intel,i3-1315u,13.0,nan,8,,,512.0,16.0,,nan,Intel,Intel UHD,Integrated,nan,nan,nan,nan,14990000,nan,False,0,,In Stock,https://fptshop.com.vn/may-tinh-xach-tay/asus-vivobook-x1605va-mb1826w,https://cdn2.fptshop.com.vn/unsafe/asus_vivobook_16_x1605_silver_1_c937da5d17.png,fpt,,,0.0,0.0,0.0,0.5,1.0,0.5,0.48,0.5260714285714286,0.5,0.38073214285714285,0.3831830357142857,0.3782196428571429,0.4463294642857143,0.4,0.4141045089285715,False,False,False,False,False,False,True
"Laptop Asus TUF Gaming A15 FA506NCG-HN329W R7 8845HS/16GB/512GB/15.6""/GeForce RTX3050 4GB/Win11",asus,AMD,ryzen 7,7.0,nan,16,,,512.0,15.6,,nan,NVIDIA,RTX 3050,Dedicated,nan,nan,nan,nan,30990000,nan,False,0,,In Stock,https://fptshop.com.vn/may-tinh-xach-tay/asus-tuf-gaming-a15-fa506ncg-hn329w-r7-8845hs?sku=00928892,https://cdn2.fptshop.com.vn/unsafe/00928892_asus_tuf_gaming_a15_fa506ncg_den_01_75e999ce15.png,fpt,,,0.23076923076923067,0.0,0.21299093655589124,0.5,0.8333333333333333,0.5,0.64,0.5790000000000001,0.5,0.48716538461538467,0.5404067307692307,0.532765,0.49422442307692305,0.43333333333333335,0.4795755416666667,False,False,False,False,False,False,True
"Laptop Lenovo ThinkBook 14 G9 IRL i5 13420H/16GB/512GB/14""WUXGA/Win 11 Home SL (21UY008TVN)",lenovo,nan,core i5,nan,nan,16,,,512.0,14.0,,nan,nan,nan,nan,nan,nan,nan,nan,22590000,nan,False,0,,In Stock,https://fptshop.com.vn/may-tinh-xach-tay/lenovo-thinkbook-14-g9-irl-i5-13420h?sku=00927279,https://cdn2.fptshop.com.vn/unsafe/lenovo_thinkbook_14_g9_gray_01_633cd72f46.png,fpt,,,0.23076923076923067,0.0,0.08610271903323263,0.5,0.1666666666666668,0.5,0.45,0.341,0.5,0.3230653846153846,0.38538173076923077,0.379035,0.420379423076923,0.5666666666666667,0.4155769583333333,False,False,False,False,False,True,False
"Laptop Acer Aspire Lite 15 AL15-48P-R5MN R5 5625U/8GB/512GB/15.6"" FHD/Win11",acer,AMD,ryzen 5,5.0,nan,8,,,512.0,15.6,,nan,AMD,AMD Radeon Graphics,Integrated,nan,nan,nan,nan,15990000,nan,False,0,,In Stock,https://fptshop.com.vn/may-tinh-xach-tay/acer-aspire-lite-15-al15-48p-r5mn-r5-5625u?sku=00927249,https://cdn2.fptshop.com.vn/unsafe/acer_aspire_lite_15_al15_48p_bac_01_fa9d5a12f8.png,fpt,,,0.0,0.0,0.0,0.5,0.8333333333333333,0.5,0.48,0.4481428571428572,0.5,0.34566428571428576,0.3744160714285714,0.36769928571428573,0.43054892857142857,0.43333333333333335,0.40139618452380954,False,False,False,False,False,False,True
"Laptop Colorful Rimbook L1 i5-12450H/16GB/512GB/15.6"" FHD/Win11_CE50016512C-G-E1AD",colorful,Intel,i5-12450h,12.0,nan,16,,,512.0,15.6,,nan,Intel,Intel UHD,Integrated,nan,nan,nan,nan,16990000,nan,False,0,,In Stock,https://fptshop.com.vn/may-tinh-xach-tay/colorful-rimbook-l1-i5-12450h-ce50016512c-g-e1ac?sku=00918650,https://cdn2.fptshop.com.vn/unsafe/colorful_rimbook_l1_xam_1_96ce53228b.png,fpt,,,0.23076923076923067,0.0,0.0015105740181268882,0.5,0.8333333333333333,0.5,0.48,0.5981428571428571,0.5,0.44777967032967025,0.4345603021978022,0.4329492857142857,0.47650085164835165,0.43333333333333335,0.4578149345238095,False,False,False,False,False,False,True
"Laptop Acer Gaming Nitro V 15 ANV15-41-R732 R5 6600H/16GB/512GB/15.6""FHD/Nvidia GeForce RTX4050 6GB/Win11",acer,AMD,ryzen 5,5.0,nan,16,,,512.0,15.6,,nan,NVIDIA,RTX 4050,Dedicated,nan,nan,nan,nan,26990000,nan,False,0,,In Stock,https://fptshop.com.vn/may-tinh-xach-tay/acer-gaming-nitro-v-15-anv15-41-r732-r5-6600h?sku=00922302,https://cdn2.fptshop.com.vn/unsafe/acer_gaming_nitro_v_anv15_41_r732_den_01_44b5ebae85.png,fpt,,,0.23076923076923067,0.0,0.15256797583081572,0.5,0.8333333333333333,0.5,0.64,0.4481428571428572,0.5,0.42827967032967035,0.5256853021978022,0.5150992857142858,0.4677258516483517,0.43333333333333335,0.44704118452380953,False,False,False,False,False,False,True
"Laptop Asus Vivobook S3607VA-RP056W i7-13620H/16GB/512GB/16"" WUXGA/Win11",asus,Intel,i7-13620h,13.0,nan,16,,,512.0,16.0,,nan,Intel,Intel UHD,Integrated,nan,nan,nan,nan,23590000,nan,False,0,,In Stock,https://fptshop.com.vn/may-tinh-xach-tay/asus-vivobook-s3607va-rp056w-i7-13620h?sku=00920720,https://cdn2.fptshop.com.vn/unsafe/asus_vivobook_s3607va_bac_01_551835c77a.png,fpt,,,0.23076923076923067,0.0,0.10120845921450151,0.5,1.0,0.5,0.48,0.7075714285714286,0.5,0.4970225274725275,0.44687101648351646,0.44772214285714285,0.49866013736263737,0.4,0.47835494642857146,False,False,False,False,False,False,True
MacBook Pro 14 M5 Pro 2026 15CPU/16GPU/24GB/1TB/70W,apple,Apple,m5 pro,nan,nan,24,,,1000.0,14.0,,nan,Apple,Apple M5 PRO 16-core GPU,Integrated,nan,22 hours,nan,22.0,59490000,nan,False,0,,In Stock,https://fptshop.com.vn/may-tinh-xach-tay/macbook-pro-14-m5-pro-2026-15cpu-16gpu-24gb-1tb?sku=00926608,https://cdn2.fptshop.com.vn/unsafe/macbook_pro_14_m5_pro_space_black_1_2b3d8ad534.png,fpt,,,0.6153846153846153,0.3279569892473118,0.6435045317220544,0.5,0.1666666666666668,0.5,0.48,0.1925,0.5,0.35572839123242345,0.46923979011579814,0.46302620967741936,0.4350777760545905,0.5666666666666667,0.4336232694892473,False,False,False,False,False,True,False
"Laptop Dell 15 DC15250 i7-1355U/16GB/1TB/15.6""FHD/Win11/Office Home 2024",dell,Intel,i7-1355u,13.0,nan,16,,,1000.0,15.6,,nan,Intel,Intel UHD,Integrated,nan,nan,nan,nan,26990000,nan,False,0,,In Stock,https://fptshop.com.vn/may-tinh-xach-tay/dell-15-dc15250-i7-1355u-i7u161w11slu?sku=00923724,https://cdn2.fptshop.com.vn/unsafe/dell_15_dc15250_silver_01_050bd1cfe2.png,fpt,,,0.23076923076923067,0.3279569892473118,0.15256797583081572,0.5,0.8333333333333333,0.5,0.48,0.7075714285714286,0.5,0.5298182263972587,0.45506994121469924,0.45756085253456225,0.5134182018787664,0.43333333333333335,0.5031412367511521,False,False,False,False,False,False,True
MacBook Pro 14 M5 Pro 2026 15CPU/16GPU/24GB/1TB/70W,apple,Apple,m5 pro,nan,nan,24,,,1000.0,14.0,,nan,Apple,Apple M5 PRO 16-core GPU,Integrated,nan,22 hours,nan,22.0,59490000,nan,False,0,,In Stock,https://fptshop.com.vn/may-tinh-xach-tay/macbook-pro-14-m5-pro-2026-15cpu-16gpu-24gb-1tb?sku=00926607,https://cdn2.fptshop.com.vn/unsafe/macbook_pro_14_m5_pro_space_black_1_2b3d8ad534.png,fpt,,,0.6153846153846153,0.3279569892473118,0.6435045317220544,0.5,0.1666666666666668,0.5,0.48,0.1925,0.5,0.35572839123242345,0.46923979011579814,0.46302620967741936,0.4350777760545905,0.5666666666666667,0.4336232694892473,False,False,False,False,False,True,False
"Laptop Asus Vivobook 16 X1607CA-MB990W Ultra 7 255H/AI/16GB/512GB/16""/Win11",asus,Intel,core ultra 7,7.0,nan,16,,,512.0,16.0,,nan,Intel,Intel Graphics,Integrated,nan,nan,nan,nan,24790000,nan,False,0,,In Stock,https://fptshop.com.vn/may-tinh-xach-tay/asus-vivobook-16-x1607ca-mb990w-ultra-7-255h?sku=00926886,https://cdn2.fptshop.com.vn/unsafe/asus_vivobook_x1607_silver_logo_ai_1780fbd9e5.png,fpt,,,0.23076923076923067,0.0,0.11933534743202417,0.5,1.0,0.5,0.48,0.5790000000000001,0.5,0.4391653846153847,0.43240673076923075,0.430365,0.4726244230769231,0.4,0.4463888750000001,False,False,False,False,False,False,True
"Laptop Asus Vivobook Go 15 E1504FA-BQ4821W R5 40/8GB/512GB/15.6"" FHD/Win11",asus,AMD,ryzen 5,5.0,nan,8,,,512.0,15.6,,nan,AMD,AMD Radeon Graphics,Integrated,nan,nan,nan,nan,17090000,nan,False,0,,In Stock,https://fptshop.com.vn/may-tinh-xach-tay/asus-vivobook-go-15-e1504fa-bq4821w-r5-40?sku=00928891,https://cdn2.fptshop.com.vn/unsafe/00928891_asus_vivobook_go_15_e1504fa_silver_01_db92f8e172.png,fpt,,,0.0,0.0,0.0030211480362537764,0.5,0.8333333333333333,0.5,0.48,0.4481428571428572,0.5,0.34566428571428576,0.3744160714285714,0.36769928571428573,0.43054892857142857,0.43333333333333335,0.40139618452380954,False,False,False,False,False,False,True
"Laptop HP Gaming Victus 15-fa2732TX i5-13420H/16GB/512GB/15.6""FHD/RTX 4050 6GB/Win11_B85LPPA",hp,Intel,i5-13420h,13.0,nan,16,,,512.0,15.6,,nan,NVIDIA,RTX 4050,Dedicated,nan,nan,nan,nan,29790000,nan,False,0,,In Stock,https://fptshop.com.vn/may-tinh-xach-tay/hp-gaming-victus-15-fa2732tx-i5-13420h-b85lppa?sku=00919198,https://cdn2.fptshop.com.vn/unsafe/hp_gaming_victus_15_fa2732tx_1_59cb49afd5.png,fpt,,,0.23076923076923067,0.0,0.19486404833836857,0.5,0.8333333333333333,0.5,0.64,0.6195714285714287,0.5,0.5054225274725275,0.5449710164835165,0.5382421428571429,0.5024401373626374,0.43333333333333335,0.48966261309523806,False,False,False,False,False,False,True
"Laptop MSI Gaming Katana 15 HX B14WFK-025VN i7 14650HX/AI16GB/512GB/15.6""QHD/RTX5060 8GB/Win11_Balo",msi,nan,core i7,nan,nan,16,,,512.0,15.6,,nan,NVIDIA,RTX 5060,Dedicated,nan,nan,nan,nan,39490000,nan,False,0,,In Stock,https://fptshop.com.vn/may-tinh-xach-tay/msi-gaming-katana-15-hx-b14wfk-025vn-i7-14650hx?sku=00920583,https://cdn2.fptshop.com.vn/unsafe/00920583_msi_gaming_katana_15hx_b14wx_black_01_78da27f0a4.png,fpt,,,0.23076923076923067,0.0,0.3413897280966767,0.5,0.8333333333333333,0.5,0.64,0.42900000000000005,0.5,0.4196653846153846,0.5235317307692308,0.512515,0.463849423076923,0.43333333333333335,0.4422817916666666,False,False,False,False,False,False,True
"Laptop Asus Vivobook 14 M1407KA-LY849W R5 330/AI/16GB/512GB/14""/Win11",asus,AMD,ryzen ai 5,5.0,nan,16,,,512.0,14.0,,nan,AMD,AMD Radeon Graphics,Integrated,nan,nan,nan,nan,21590000,nan,False,0,,In Stock,https://fptshop.com.vn/may-tinh-xach-tay/asus-vivobook-14-m1407ka-ly849w-r5-330?sku=00927041,https://cdn2.fptshop.com.vn/unsafe/asus_vivobook_14_m1407ka_bac_logo_ai_1f15c7c28c.png,fpt,,,0.23076923076923067,0.0,0.07099697885196375,0.5,0.1666666666666668,0.5,0.48,0.29964285714285716,0.5,0.31345467032967034,0.40097905219780217,0.3926517857142857,0.4160546016483516,0.5666666666666667,0.4102670386904762,False,False,False,False,False,True,False
"Laptop HP Gaming Victus 15-fa2456TX i7 13620H/AI/24GB/512GB/15.6""FHD/GeForce RTX5050 8GB/Win11 (D2HP1PA)",hp,nan,core i7,nan,nan,24,,,512.0,15.6,,nan,NVIDIA,RTX 5050,Dedicated,nan,nan,nan,nan,37390000,nan,False,0,,In Stock,https://fptshop.com.vn/may-tinh-xach-tay/hp-gaming-victus-15-fa2456tx-i7-13620h-d2hp1pa?sku=00926892,https://cdn2.fptshop.com.vn/unsafe/hp_victus_15_fa24_den_01_7edef06eb5.png,fpt,,,0.6153846153846153,0.0,0.30966767371601206,0.5,0.8333333333333333,0.5,0.64,0.42900000000000005,0.5,0.4773576923076923,0.5956471153846153,0.587515,0.4898109615384615,0.43333333333333335,0.47415679166666663,False,False,False,False,False,False,True
"Laptop HP 14-ep1012TU Core 5-120U/16GB/512GB/14""FHD/Win11 (D72CPPA)",hp,Intel,core 5,nan,nan,16,,,512.0,14.0,,nan,Intel,Intel Graphics,Integrated,nan,nan,nan,nan,21990000,nan,False,0,,In Stock,https://fptshop.com.vn/may-tinh-xach-tay/hp-14-ep1012tu-core-5-120u-d72cppa?sku=00928596,https://cdn2.fptshop.com.vn/unsafe/00928596_hp_14_ep1012tu_bac_01_b0128a26c0.png,fpt,,,0.23076923076923067,0.0,0.0770392749244713,0.5,0.1666666666666668,0.5,0.48,0.341,0.5,0.3320653846153846,0.40563173076923076,0.398235,0.4244294230769231,0.5666666666666667,0.42054945833333335,False,False,False,False,False,True,False
"Laptop HP ProBook 4 G1ah 14 R5-220/16GB/512GB/14""/Win11_C40JNAT",hp,AMD,ryzen 5,5.0,nan,16,,,512.0,14.0,,nan,AMD,Radeon 740M,Integrated,nan,nan,nan,nan,23490000,nan,False,0,,In Stock,https://fptshop.com.vn/may-tinh-xach-tay/hp-probook-4-g1ah-14-r5-220?sku=00922871,https://cdn2.fptshop.com.vn/unsafe/hp_probook_4_g1ah_bac_01_8677f606fe.png,fpt,,,0.23076923076923067,0.0,0.09969788519637462,0.5,0.1666666666666668,0.5,0.48,0.4481428571428572,0.5,0.38027967032967036,0.4176853021978022,0.4126992857142857,0.4461258516483516,0.5666666666666667,0.44718785119047616,False,False,False,False,False,True,False
"Laptop Lenovo Gaming LOQ Essential 15ARP10E R5-7535HS/16GB/512GB/15.6""FHD 144Hz/RTX3050/W11SL (83S0000DVN)",lenovo,AMD,ryzen 5,5.0,nan,16,,,512.0,15.6,,nan,NVIDIA,RTX 3050,Dedicated,nan,nan,nan,nan,25890000,nan,False,0,,In Stock,https://fptshop.com.vn/may-tinh-xach-tay/lenovo-gaming-loq-essential-15arp10e-r5-7535hs-83s0000dvn?sku=00927911,https://cdn2.fptshop.com.vn/unsafe/lenovo_gaming_loq_15arp10e_xam_01_9030b306bc.png,fpt,,,0.23076923076923067,0.0,0.13595166163141995,0.5,0.8333333333333333,0.5,0.64,0.4481428571428572,0.5,0.42827967032967035,0.5256853021978022,0.5150992857142858,0.4677258516483517,0.43333333333333335,0.44704118452380953,False,False,False,False,False,False,True
"Laptop Asus Vivobook X1607CA-MB980W Ultra 5 225H/AI/16GB/512GB/16"" WUXGA/Win11",asus,Intel,core ultra 5,5.0,nan,16,,,512.0,16.0,,nan,Intel,Intel Graphics,Integrated,nan,nan,nan,nan,21990000,nan,False,0,,In Stock,https://fptshop.com.vn/may-tinh-xach-tay/asus-vivobook-x1607ca-mb980w-ultra-5-225h?sku=00925128,https://cdn2.fptshop.com.vn/unsafe/asus_vivobook_x1607_silver_logo_ai_1780fbd9e5.png,fpt,,,0.23076923076923067,0.0,0.0770392749244713,0.5,1.0,0.5,0.48,0.4481428571428572,0.5,0.38027967032967036,0.4176853021978022,0.4126992857142857,0.4461258516483516,0.4,0.41385451785714283,False,False,False,False,False,False,True
"Laptop HP 250R G10 Core 7-150U/16GB/512GB/15.6""FHD/Win11 (CC9C0PT)",hp,Intel,core 7,nan,nan,16,,,512.0,15.6,,nan,Intel,Intel Iris Xe,Integrated,nan,nan,nan,nan,24990000,nan,False,0,,In Stock,https://fptshop.com.vn/may-tinh-xach-tay/hp-250r-g10-core-7-150u-cc9c0pt?sku=00926744,https://cdn2.fptshop.com.vn/unsafe/hp_250r_g10_silver_01_cf923f35fe.png,fpt,,,0.23076923076923067,0.0,0.12235649546827794,0.5,0.8333333333333333,0.5,0.48,0.42900000000000005,0.5,0.3716653846153846,0.4155317307692307,0.410115,0.44224942307692305,0.43333333333333335,0.41576179166666666,False,False,False,False,False,False,True
"Laptop Gigabyte Gaming A16-CMHH2VN893SH i5 13420H/16GB/512GB/16""FHD/RTX4050 6GB/Win11",gigabyte,nan,core i5,nan,nan,16,,,512.0,16.0,,nan,NVIDIA,RTX 4050,Dedicated,nan,nan,nan,nan,25990000,nan,False,0,,In Stock,https://fptshop.com.vn/may-tinh-xach-tay/gigabyte-gaming-a16-cmhh2vn893sh-i5-13420h?sku=00919113,https://cdn2.fptshop.com.vn/unsafe/gigabyte_gaming_a16_1_60109e9879.png,fpt,,,0.23076923076923067,0.0,0.13746223564954682,0.5,1.0,0.5,0.64,0.341,0.5,0.38006538461538464,0.5136317307692307,0.500635,0.44602942307692306,0.4,0.413736125,False,False,False,False,False,False,True
"Laptop Asus Vivobook M3407KA-SF034WS AMD Ryzen AI 5 330/16GB/512GB/14"" OLED/Win11/Office HS24/OS365",asus,AMD,ryzen ai 5,5.0,nan,16,,,512.0,14.0,,nan,AMD,AMD Radeon Graphics,Integrated,1.4,nan,nan,nan,23790000,nan,False,0,,In Stock,https://fptshop.com.vn/may-tinh-xach-tay/asus-vivobook-s14-m3407ka-sf034ws-amd-ryzen-ai-5-330?sku=00920952,https://cdn2.fptshop.com.vn/unsafe/00920952_asus_vivobook_m3407ka_bac_01_941dd8f6e4.png,fpt,,,0.23076923076923067,0.0,0.1042296072507553,0.0,0.1666666666666668,0.5,0.48,0.29964285714285716,0.5,0.31345467032967034,0.40097905219780217,0.3926517857142857,0.24105460164835166,0.3416666666666667,0.2865170386904762,False,False,False,False,True,True,False
"Laptop HP 14-ep1176TU Ultra 5 125H/AI/16GB/512GB/14"" FHD/Win11 (C89ZQPA)",hp,Intel,core ultra 5,5.0,nan,16,,,512.0,14.0,,nan,Intel,Intel Graphics,Integrated,nan,nan,nan,nan,22990000,nan,False,0,,In Stock,https://fptshop.com.vn/may-tinh-xach-tay/hp-14-ep1176tu-ultra-5-125h-c89zqpa?sku=00925971,https://cdn2.fptshop.com.vn/unsafe/hp_14_ep_bac_01_f75323728d.png,fpt,,,0.23076923076923067,0.0,0.09214501510574018,0.5,0.1666666666666668,0.5,0.48,0.4481428571428572,0.5,0.38027967032967036,0.4176853021978022,0.4126992857142857,0.4461258516483516,0.5666666666666667,0.44718785119047616,False,False,False,False,False,True,False
"Laptop Asus Vivobook Go 15 E1504FA-BQ340W R5-40/16GB/512GB/15.6"" FHD/Win11",asus,AMD,ryzen 5,5.0,nan,16,,,512.0,15.6,,nan,AMD,AMD Radeon Graphics,Integrated,nan,nan,nan,nan,18590000,nan,False,0,,In Stock,https://fptshop.com.vn/may-tinh-xach-tay/asus-vivobook-go-15-e1504fa-bq340w-r5-40?sku=00927045,https://cdn2.fptshop.com.vn/unsafe/asus_vivobook_go_15_oled_e1504f_silver_1_9cdc33fe4d.png,fpt,,,0.23076923076923067,0.0,0.0256797583081571,0.5,0.8333333333333333,0.5,0.48,0.4481428571428572,0.5,0.38027967032967036,0.4176853021978022,0.4126992857142857,0.4461258516483516,0.43333333333333335,0.4205211845238095,False,False,False,False,False,False,True
"Laptop Asus Vivobook S14 M3407GA-SF030W Ryzen AI 7 445/16GB/512GB/14"" OLED/Win11",asus,AMD,ryzen ai 7,7.0,nan,16,,,512.0,14.0,,nan,AMD,AMD Radeon Graphics,Integrated,nan,nan,nan,nan,27890000,nan,False,0,,In Stock,https://fptshop.com.vn/may-tinh-xach-tay/asus-vivobook-s14-m3407ga-sf030w-ryzen-ai-7-445?sku=00925807,https://cdn2.fptshop.com.vn/unsafe/asus_vivobook_s14_m3407ga_xam_logo_ai_368a191e44.png,fpt,,,0.23076923076923067,0.0,0.1661631419939577,0.5,0.1666666666666668,0.5,0.48,0.3425,0.5,0.3327403846153846,0.4058004807692307,0.3984375,0.42473317307692304,0.5666666666666667,0.4209223958333333,False,False,False,False,False,True,False
"Laptop Dell 15 DC15250 i7 1355U/16GB/512GB/15.6""FHD/Win11/Office Home 2024/Microsoft 365 (71084747)",dell,nan,core i7,nan,nan,16,,,512.0,15.6,,nan,Intel,Intel UHD,Integrated,nan,nan,nan,nan,25490000,nan,False,0,,In Stock,https://fptshop.com.vn/may-tinh-xach-tay/dell-15-dc15250-i7-1355u-71084747?sku=00925198,https://cdn2.fptshop.com.vn/unsafe/dell_15_dc15250_silver_01_050bd1cfe2.png,fpt,,,0.23076923076923067,0.0,0.1299093655589124,0.5,0.8333333333333333,0.5,0.48,0.42900000000000005,0.5,0.3716653846153846,0.4155317307692307,0.410115,0.44224942307692305,0.43333333333333335,0.41576179166666666,False,False,False,False,False,False,True
"Laptop HP OmniBook 5 AI 16-af1046TU Ultra 5-225U/16GB/512GB/16"" Touch/Win11/Office HS24 (BZ7Q8PA)",hp,Intel,core ultra 5,5.0,nan,16,,,512.0,16.0,,nan,Intel,Intel Graphics,Integrated,nan,nan,nan,nan,27490000,nan,False,0,,In Stock,https://fptshop.com.vn/may-tinh-xach-tay/hp-omnibook-5-ai-16-af1046tu-ultra-5-225u-bz7q8pa?sku=00920701,https://cdn2.fptshop.com.vn/unsafe/00920701_hp_omnibook_5_ai_16_af10xx_silver_01_b3f9478f5e.png,fpt,,,0.23076923076923067,0.0,0.16012084592145015,0.5,1.0,0.5,0.48,0.4481428571428572,0.5,0.38027967032967036,0.4176853021978022,0.4126992857142857,0.4461258516483516,0.4,0.41385451785714283,False,False,False,False,False,False,True
"Laptop HP 245 G10 R7-7730U/16GB/512GB/14""FHD/Win11 (BG5U8PT)",hp,AMD,ryzen 7,7.0,nan,16,,,512.0,14.0,,nan,AMD,AMD Radeon Graphics,Integrated,nan,nan,nan,nan,18990000,nan,False,0,,In Stock,https://fptshop.com.vn/may-tinh-xach-tay/hp-245-g10-r7-7730u-bg5u8pt?sku=00923811,https://cdn2.fptshop.com.vn/unsafe/2023_8_22_638283012469903137_hp-245-g10-bac-1.jpg,fpt,,,0.23076923076923067,0.0,0.03172205438066465,0.5,0.1666666666666668,0.5,0.48,0.5790000000000001,0.5,0.4391653846153847,0.43240673076923075,0.430365,0.4726244230769231,0.5666666666666667,0.4797222083333334,False,False,False,False,False,True,False
"Laptop Acer Aspire Go 14 AI AG14-71M-52LH Ultra 5 115U/16GB/512GB/14"" FHD+/Win11",acer,Intel,core ultra 5,5.0,nan,16,,,512.0,14.0,,nan,Intel,Intel Graphics,Integrated,nan,nan,nan,nan,18990000,nan,False,0,,In Stock,https://fptshop.com.vn/may-tinh-xach-tay/acer-aspire-go-14-ai-ag14-71m-52lh-ultra5-115u?sku=00922303,https://cdn2.fptshop.com.vn/unsafe/00922303_acer_aspire_go_14_ai_ag14_71m_52lh_01_79696db864.png,fpt,,,0.23076923076923067,0.0,0.03172205438066465,0.5,0.1666666666666668,0.5,0.48,0.4481428571428572,0.5,0.38027967032967036,0.4176853021978022,0.4126992857142857,0.4461258516483516,0.5666666666666667,0.44718785119047616,False,False,False,False,False,True,False
"Laptop HP OmniBook 5 16-ag1067AU Ryzen Al 7 350/16GB/512GB/16""/Win11/HS24/OS365 (BZ7U5PA)",hp,AMD,ryzen ai 7,7.0,nan,16,,,512.0,16.0,,nan,AMD,AMD Radeon Graphics,Integrated,nan,nan,nan,nan,28990000,nan,False,0,,In Stock,https://fptshop.com.vn/may-tinh-xach-tay/hp-omnibook-5-16-ag1067au-ryzen-al-7-350-bz7u5pa?sku=00921486,https://cdn2.fptshop.com.vn/unsafe/00921486_hp_omnibook_5_16_bac_01_96626aa49e.png,fpt,,,0.23076923076923067,0.0,0.18277945619335348,0.5,1.0,0.5,0.48,0.3425,0.5,0.3327403846153846,0.4058004807692307,0.3984375,0.42473317307692304,0.4,0.38758906249999997,False,False,False,False,False,False,True
"Laptop MSI Gaming Cyborg 15 A13VEK-2089VN i7 13620H/16GB/512GB/15.6""/Nvidia GeForce RTX4050 6GB/Win11_Balo",msi,nan,core i7,nan,nan,16,,,512.0,15.6,,nan,NVIDIA,RTX 4050,Dedicated,nan,nan,nan,nan,30490000,nan,False,0,,In Stock,https://fptshop.com.vn/may-tinh-xach-tay/msi-gaming-cyborg-15-a13vek-2089vn-i7-13620h?sku=00923913,https://cdn2.fptshop.com.vn/unsafe/man_hinh_dell_p2425h_black_01_9409af2153.png,fpt,,,0.23076923076923067,0.0,0.2054380664652568,0.5,0.8333333333333333,0.5,0.64,0.42900000000000005,0.5,0.4196653846153846,0.5235317307692308,0.512515,0.463849423076923,0.43333333333333335,0.4422817916666666,False,False,False,False,False,False,True
"Laptop Asus Vivobook Gaming V3607VJ-RP071W Core 5-210H/16GB/512GB/16""/GeForce RTX 3050 6GB/Win11",asus,Intel,core 5,nan,nan,16,,,512.0,16.0,,nan,NVIDIA,RTX 3050,Dedicated,nan,nan,nan,nan,24990000,nan,False,0,,In Stock,https://fptshop.com.vn/may-tinh-xach-tay/asus-vivobook-gaming-v16-v3607vj-rp071w-core-5-210h?sku=00924968,https://cdn2.fptshop.com.vn/unsafe/asus_gaming_v16_v3607_black_1_ef14c13760.png,fpt,,,0.23076923076923067,0.0,0.12235649546827794,0.5,1.0,0.5,0.64,0.341,0.5,0.38006538461538464,0.5136317307692307,0.500635,0.44602942307692306,0.4,0.413736125,False,False,False,False,False,False,True
Laptop Acer Swift Lite 14 AI SFL14-51M-56HS Ultra5 125U/16GB/512GB/Win11,acer,Intel,core ultra 5,5.0,nan,16,,,512.0,14.0,,nan,Intel,Intel Arc Graphics,Integrated,nan,nan,nan,nan,19690000,nan,False,0,,In Stock,https://fptshop.com.vn/may-tinh-xach-tay/acer-swift-lite-14-ai-sfl14-51m-56hs-u5-125u?sku=00911876,https://cdn2.fptshop.com.vn/unsafe/00911876_acer_swift_lite_14_ai_sfl14_51m_1_67e59a64b7.png,fpt,,,0.23076923076923067,0.0,0.04229607250755287,0.5,0.1666666666666668,0.5,0.48,0.4481428571428572,0.5,0.38027967032967036,0.4176853021978022,0.4126992857142857,0.4461258516483516,0.5666666666666667,0.44718785119047616,False,False,False,False,False,True,False
"Laptop Asus Vivobook S16 M3607HA-SH186W Ryzen 7 260/AI/16GB/512GB/16""OLED/Win11",asus,AMD,ryzen 7,7.0,nan,16,,,512.0,16.0,,nan,AMD,AMD Radeon Graphics,Integrated,nan,nan,nan,nan,24990000,nan,False,0,,In Stock,https://fptshop.com.vn/may-tinh-xach-tay/asus-vivobook-s16-m3607ha-sh186w-ryzen-7-260?sku=00926827,https://cdn2.fptshop.com.vn/unsafe/asus_vivobook_s16_m3607ha_xam_logo_ai_b57987afad.png,fpt,,,0.23076923076923067,0.0,0.12235649546827794,0.5,1.0,0.5,0.48,0.5790000000000001,0.5,0.4391653846153847,0.43240673076923075,0.430365,0.4726244230769231,0.4,0.4463888750000001,False,False,False,False,False,False,True
"Laptop HP OmniBook X Flip 14-fk0082AU AMD Ryzen Al 7 350/32GB/1TB/14"" 2K Touch/W11/Office HS24/M365",hp,AMD,ryzen ai 7,7.0,nan,32,,,1000.0,14.0,,nan,AMD,Radeon 860M,Integrated,nan,nan,nan,nan,38990000,nan,False,0,,In Stock,https://fptshop.com.vn/may-tinh-xach-tay/hp-omnibook-x-flip-14-fk0082au-amd-ryzen-al-7-350-bz7n8pa?sku=00923722,https://cdn2.fptshop.com.vn/unsafe/00923722_hp_omnibook_x_flip_14_bac_01_49e816beb5.png,fpt,,,1.0,0.3279569892473118,0.3338368580060423,0.5,0.1666666666666668,0.5,0.48,0.3425,0.5,0.48092069892473116,0.5582301747311827,0.5582762096774193,0.49141431451612905,0.5666666666666667,0.5027920194892472,False,False,False,False,False,True,False
Laptop HP 14-em0086AU R5 7520U/16GB/512GB/14'FHD/AMD Radeon Graphics/Win11,hp,AMD,ryzen 5,5.0,nan,16,,,512.0,14.0,,nan,AMD,AMD Radeon Graphics,Integrated,nan,nan,nan,nan,17190000,nan,False,0,,In Stock,https://fptshop.com.vn/may-tinh-xach-tay/hp-14-em0086au-r5-7520u?sku=00874398,https://cdn2.fptshop.com.vn/unsafe/2023_4_11_638168318097684459_hp-14s-em0080au-r3-7320u-bac-dd.jpg,fpt,,,0.23076923076923067,0.0,0.004531722054380665,0.5,0.1666666666666668,0.5,0.48,0.4481428571428572,0.5,0.38027967032967036,0.4176853021978022,0.4126992857142857,0.4461258516483516,0.5666666666666667,0.44718785119047616,False,False,False,False,False,True,False
"Laptop Lenovo Gaming LOQ 15ARP10E R7 7735HS/16GB/1TB/15.6""FHD/RTX 3050 6GB/W11 (83S0006RVN)",lenovo,AMD,ryzen 7,7.0,nan,16,,,1000.0,15.6,,nan,NVIDIA,RTX 3050,Dedicated,nan,nan,nan,nan,24590000,nan,False,0,,In Stock,https://fptshop.com.vn/may-tinh-xach-tay/lenovo-gaming-loq-15arp10e-r7-7735hs-83s0006rvn?sku=00923918,https://cdn2.fptshop.com.vn/unsafe/lenovo_gaming_loq_15arp10e_xam_01_9030b306bc.png,fpt,,,0.23076923076923067,0.3279569892473118,0.1163141993957704,0.5,0.8333333333333333,0.5,0.64,0.5790000000000001,0.5,0.5199610835401158,0.5486056555004136,0.5426037096774193,0.5089824875930521,0.43333333333333335,0.4976951653225806,False,False,False,False,False,False,True
"Laptop Colorful Rimbook L1 i5 13420H/16GB/512GB/15.6""FHD/Win11 (A10205500050)",colorful,nan,core i5,nan,nan,16,,,512.0,15.6,,nan,Intel,Intel UHD,Integrated,nan,nan,nan,nan,16990000,nan,False,0,,In Stock,https://fptshop.com.vn/may-tinh-xach-tay/colorful-rimbook-l1-i5-13420h-a10205500050?sku=00925801,https://cdn2.fptshop.com.vn/unsafe/colorful_rimbook_l1_bac_01_370a0eb306.png,fpt,,,0.23076923076923067,0.0,0.0015105740181268882,0.5,0.8333333333333333,0.5,0.48,0.341,0.5,0.3320653846153846,0.40563173076923076,0.398235,0.4244294230769231,0.43333333333333335,0.3938827916666667,False,False,False,False,False,False,True
"Laptop Dell 15 DC15250 i7 1355U/16GB/512GB/15.6""FHD/Win11/Office Home 2024/Microsoft 365",dell,nan,core i7,nan,nan,16,,,512.0,15.6,,nan,Intel,Intel UHD,Integrated,nan,nan,nan,nan,25490000,nan,False,0,,In Stock,https://fptshop.com.vn/may-tinh-xach-tay/dell-15-dc15250-i7-1355u-71073959?sku=00921927,https://cdn2.fptshop.com.vn/unsafe/dell_15_dc15250_silver_01_050bd1cfe2.png,fpt,,,0.23076923076923067,0.0,0.1299093655589124,0.5,0.8333333333333333,0.5,0.48,0.42900000000000005,0.5,0.3716653846153846,0.4155317307692307,0.410115,0.44224942307692305,0.43333333333333335,0.41576179166666666,False,False,False,False,False,False,True
"Laptop HP Gaming Victus 15-fa2451TX i5-13420H/16GB/512GB/15.6""FHD/GeForce RTX4050 6GB/W11 (D17WPPA)",hp,Intel,i5-13420h,13.0,nan,16,,,512.0,15.6,,nan,NVIDIA,RTX 4050,Dedicated,nan,nan,nan,nan,30490000,nan,False,0,,In Stock,https://fptshop.com.vn/may-tinh-xach-tay/hp-victus-15-fa2451tx-i5-13420h?sku=00924918,https://cdn2.fptshop.com.vn/unsafe/hp_victus_15_fa24_den_01_7edef06eb5.png,fpt,,,0.23076923076923067,0.0,0.2054380664652568,0.5,0.8333333333333333,0.5,0.64,0.6195714285714287,0.5,0.5054225274725275,0.5449710164835165,0.5382421428571429,0.5024401373626374,0.43333333333333335,0.48966261309523806,False,False,False,False,False,False,True
"Laptop HP OmniBook 5 Flip X360 14-fp0055TU Core 7-150U/24GB/512GB/14""/Win11/HS24 (BZ7Q4PA)",hp,Intel,core 7,nan,nan,24,,,512.0,14.0,,nan,Intel,Intel Graphics,Integrated,nan,nan,nan,nan,31790000,nan,False,0,,In Stock,https://fptshop.com.vn/may-tinh-xach-tay/hp-omnibook-5-flip-x360-14-fp0055tu-core-7-150u-bz7q4pa?sku=00922652,https://cdn2.fptshop.com.vn/unsafe/hp_omnibook_5_flip_x360_14_silver_01_f9f2de065f.png,fpt,,,0.6153846153846153,0.0,0.22507552870090636,0.5,0.1666666666666668,0.5,0.48,0.42900000000000005,0.5,0.42935769230769233,0.48764711538461536,0.485115,0.46821096153846153,0.5666666666666667,0.47430345833333337,False,False,False,False,False,True,False
"Laptop MSI Modern 14 F1MG-432VN Core 5-120U/16GB/512GB/14"" FHD/Win11_Túi",msi,Intel,core 5,nan,nan,16,,,512.0,14.0,,nan,Intel,Intel Graphics,Integrated,nan,nan,nan,nan,21990000,nan,False,0,,In Stock,https://fptshop.com.vn/may-tinh-xach-tay/msi-modern-14-f1mg-432vn-core-5-120u?sku=00928695,https://cdn2.fptshop.com.vn/unsafe/00928695_laptop_msi_modern_14_f1mg_432vn_silver_01_06659a3978.png,fpt,,,0.23076923076923067,0.0,0.0770392749244713,0.5,0.1666666666666668,0.5,0.48,0.341,0.5,0.3320653846153846,0.40563173076923076,0.398235,0.4244294230769231,0.5666666666666667,0.42054945833333335,False,False,False,False,False,True,False
"Laptop Asus Vivobook M1407GA-LY270W Ryzen AI 7 445/16GB/512GB/14""WUXGA/Win11",asus,AMD,ryzen ai 7,7.0,nan,16,,,512.0,14.0,,nan,AMD,AMD Radeon Graphics,Integrated,1.4,nan,nan,nan,23490000,nan,False,0,,In Stock,https://fptshop.com.vn/may-tinh-xach-tay/asus-vivobook-m1407ga-ly270w-ryzen-ai-7-445?sku=00924966,https://cdn2.fptshop.com.vn/unsafe/asus_vivobook_m1407_bac_01_44279d2246.png,fpt,,,0.23076923076923067,0.0,0.09969788519637462,0.0,0.1666666666666668,0.5,0.48,0.3425,0.5,0.3327403846153846,0.4058004807692307,0.3984375,0.24973317307692308,0.3416666666666667,0.2971723958333333,False,False,False,False,True,True,False
"Laptop HP OmniBook 7 Aero 13-bg1083AU Ryzen Al 7 350/32GB/512GB/13.3""/Win11/HS24/OS365 (BZ7R9PA)",hp,AMD,ryzen ai 7,7.0,nan,32,,,512.0,13.3,,nan,AMD,AMD Radeon Graphics,Integrated,nan,nan,nan,nan,35990000,nan,False,0,,In Stock,https://fptshop.com.vn/may-tinh-xach-tay/hp-omnibook-7-aero-13-bg1083au-ryzen-al-7-350-bz7r9pa?sku=00921491,https://cdn2.fptshop.com.vn/unsafe/00921491_hp_omnibook_7_aero_13_bac_01_95e22a5600.png,fpt,,,1.0,0.0,0.28851963746223563,0.5,0.0,0.5,0.48,0.3425,0.5,0.448125,0.55003125,0.5484375,0.47665625,0.6000000000000001,0.49133906250000003,False,False,False,False,False,True,False
"Laptop Asus Vivobook S16 S3607AA-SH042W Ultra 5 325/AI/16GB/512GB/16"" OLED/Win11",asus,Intel,core ultra 5,5.0,nan,16,,,512.0,16.0,,nan,Intel,Intel Graphics,Integrated,nan,nan,nan,nan,28790000,nan,False,0,,In Stock,https://fptshop.com.vn/may-tinh-xach-tay/asus-vivobook-s16-s3607aa-sh042w-ultra-5-325?sku=00928650,https://cdn2.fptshop.com.vn/unsafe/asus_vivobook_s16_s3607_logo_ai_df8edd664e.png,fpt,,,0.23076923076923067,0.0,0.1797583081570997,0.5,1.0,0.5,0.48,0.4481428571428572,0.5,0.38027967032967036,0.4176853021978022,0.4126992857142857,0.4461258516483516,0.4,0.41385451785714283,False,False,False,False,False,False,True
"Laptop Acer Aspire Go 15 AG15-72P-35X9 i3-1305U/8GB/256GB/15.6"" FHD/Win11",acer,Intel,i3-1305u,13.0,nan,8,,,256.0,15.6,,nan,Intel,Intel UHD,Integrated,nan,nan,nan,nan,13190000,nan,False,0,,In Stock,https://fptshop.com.vn/may-tinh-xach-tay/acer-aspire-go-15-ag15-72p-35x9-i3-1305u?sku=00926059,https://cdn2.fptshop.com.vn/unsafe/acer_aspire_go_15_ag15_72p_silver_01_1c230b3131.png,fpt,,,0.0,0.0,0.0,0.5,0.8333333333333333,0.5,0.48,0.5260714285714286,0.5,0.38073214285714285,0.3831830357142857,0.3782196428571429,0.4463294642857143,0.43333333333333335,0.42077117559523813,False,False,False,False,False,False,True
"Laptop Gigabyte Gaming A16 CMHI2VN894SH i7 13620H/16GB/1TB/16""FHD/RTX 4050 6GB/Win11",gigabyte,nan,core i7,nan,nan,16,,,1000.0,16.0,,nan,NVIDIA,RTX 4050,Dedicated,nan,76 Wh,76.0,nan,29990000,nan,False,0,,In Stock,https://fptshop.com.vn/may-tinh-xach-tay/gigabyte-gaming-a16-cmhi2vn894sh-i7-13620h?sku=00922473,https://cdn2.fptshop.com.vn/unsafe/gigabyte_gaming_a16_1_60109e9879.png,fpt,,,0.23076923076923067,0.3279569892473118,0.19788519637462235,0.5,1.0,1.0,0.64,0.42900000000000005,1.0,0.45246108354011577,0.5317306555004135,0.5223537096774193,0.578607487593052,0.575,0.533734748655914,False,False,False,False,False,False,True
Laptop MSI Modern 15 F1MG-1225VN Core 5-120U/16GB/512GB/15.6 FHD/Win11_Túi,msi,Intel,core 5,nan,nan,16,,,512.0,15.6,,nan,Intel,Intel Graphics,Integrated,nan,nan,nan,nan,21990000,nan,False,0,,In Stock,https://fptshop.com.vn/may-tinh-xach-tay/msi-modern-15-f1mg-1225vn-core-5-120u?sku=00928757,https://cdn2.fptshop.com.vn/unsafe/00928757_msi_modern_15_f1mg_1225vn_gray_01_0fc67dd4d6.png,fpt,,,0.23076923076923067,0.0,0.0770392749244713,0.5,0.8333333333333333,0.5,0.48,0.341,0.5,0.3320653846153846,0.40563173076923076,0.398235,0.4244294230769231,0.43333333333333335,0.3938827916666667,False,False,False,False,False,False,True
"Laptop Dell 16 DC16251 Core 7 150U/16GB/1TB/16.0""FHD+/Nvidia MX570A 2GB/Win11/Office Home 2024/Microsoft 365",dell,Intel,core 7,nan,nan,16,,,1000.0,16.0,,nan,NVIDIA,MX570A,Dedicated,nan,nan,nan,nan,30990000,nan,False,0,,In Stock,https://fptshop.com.vn/may-tinh-xach-tay/dell-16-dc16251-core7-150u-dc6c7557w1?sku=00923732,https://cdn2.fptshop.com.vn/unsafe/dell_16_dc16251_bac_01_4c63bf3ef5.png,fpt,,,0.23076923076923067,0.3279569892473118,0.21299093655589124,0.5,1.0,0.5,0.66,0.42900000000000005,0.5,0.4584610835401158,0.5452306555004136,0.5351537096774194,0.4813074875930521,0.4,0.457049748655914,False,False,False,False,False,False,True
"Laptop Gigabyte Gaming A16-CMHI2VN893SH i7 13620H /16GB/512GB/16""FHD/RTX4050 6GB/Win11",gigabyte,nan,core i7,nan,nan,16,,,512.0,16.0,,nan,NVIDIA,RTX 4050,Dedicated,nan,nan,nan,nan,28990000,nan,False,0,,In Stock,https://fptshop.com.vn/may-tinh-xach-tay/gigabyte-gaming-a16-cmhi2vn893sh-i7-13620h?sku=00919112,https://cdn2.fptshop.com.vn/unsafe/gigabyte_gaming_a16_1_60109e9879.png,fpt,,,0.23076923076923067,0.0,0.18277945619335348,0.5,1.0,0.5,0.64,0.42900000000000005,0.5,0.4196653846153846,0.5235317307692308,0.512515,0.463849423076923,0.4,0.43561512499999994,False,False,False,False,False,False,True
"Laptop HP ProBook 4 G1iR Core 7-150U/16GB/512GB/14""WUXGA/Win11 (C5PL1PT)",hp,Intel,core 7,nan,nan,16,,,512.0,14.0,,nan,Intel,Intel Graphics,Integrated,nan,nan,nan,nan,30990000,nan,False,0,,In Stock,https://fptshop.com.vn/may-tinh-xach-tay/hp-probook-4-g1ir-core-7-150u-c5pl1pt?sku=00926891,https://cdn2.fptshop.com.vn/unsafe/hp_probook_4_g1i_bac_01_d9f27f97ca.png,fpt,,,0.23076923076923067,0.0,0.21299093655589124,0.5,0.1666666666666668,0.5,0.48,0.42900000000000005,0.5,0.3716653846153846,0.4155317307692307,0.410115,0.44224942307692305,0.5666666666666667,0.44242845833333333,False,False,False,False,False,True,False
"Laptop Lenovo Gaming LOQ 15IRX9 i7-13650HX/16GB/512GB/15.6""FHD/RTX 4050 6GB/Win 11",lenovo,Intel,i7-13650hx,13.0,nan,16,,,512.0,15.6,,nan,NVIDIA,RTX 4050,Dedicated,nan,nan,nan,nan,40990000,nan,False,0,,In Stock,https://fptshop.com.vn/may-tinh-xach-tay/lenovo-gaming-loq-15irx9-i7-13650hx-83dv01alvn?sku=00920929,https://cdn2.fptshop.com.vn/unsafe/lenovo_gaming_loq_15irx9_1_afcaf5d0a0.png,fpt,,,0.23076923076923067,0.0,0.3640483383685801,0.5,0.8333333333333333,0.5,0.7,0.7075714285714286,0.5,0.5630225274725275,0.5953710164835164,0.5885221428571429,0.5283601373626373,0.43333333333333335,0.521486613095238,False,False,False,False,False,False,True
"Laptop Asus Vivobook 15 X1504VA-BQ165W Core 5-120U/16GB/512GB/15.6"" FHD/Win11",asus,Intel,core 5,nan,nan,16,,,512.0,15.6,,nan,Intel,Intel UHD,Integrated,nan,nan,nan,nan,18190000,nan,False,0,,In Stock,https://fptshop.com.vn/may-tinh-xach-tay/asus-vivobook-15-x1504va-bq165w-core-5-120u,https://cdn2.fptshop.com.vn/unsafe/asus_vivobook_15_x1504_sliver_fingerprint_1_2113da0eb3.png,fpt,,,0.23076923076923067,0.0,0.019637462235649546,0.5,0.8333333333333333,0.5,0.48,0.341,0.5,0.3320653846153846,0.40563173076923076,0.398235,0.4244294230769231,0.43333333333333335,0.3938827916666667,False,False,False,False,False,False,True
"Laptop HP OmniBook X Flip 14-fm0086TU Ultra 5-226V/AI/16GB/1TB/14"" 2K Touch/W11/Office HS24/M365",hp,Intel,core ultra 5,5.0,nan,16,,,1000.0,14.0,,nan,Intel,Intel Graphics,Integrated,nan,nan,nan,nan,32690000,nan,False,0,,In Stock,https://fptshop.com.vn/may-tinh-xach-tay/hp-omnibook-x-flip-14-fm0086tu-ultra-5-226v-bz7q0pa?sku=00923721,https://cdn2.fptshop.com.vn/unsafe/00923721_hp_omnibook_x_flip_14_fm_xanh_01_1f7150a411.png,fpt,,,0.23076923076923067,0.3279569892473118,0.23867069486404835,0.5,0.1666666666666668,0.5,0.48,0.4481428571428572,0.5,0.4130753692544015,0.425884226928985,0.42253799539170506,0.46088391616448066,0.5666666666666667,0.4653074748463902,False,False,False,False,False,True,False
"Laptop Acer Swift Go 14 AI OLED SFG14-73-75YM Ultra7 155H/16GB/512GB/14"" 2.8K/Win11",acer,Intel,core ultra 7,7.0,nan,16,,,512.0,14.0,,nan,Intel,Intel Arc Graphics,Integrated,nan,nan,nan,nan,26990000,nan,False,0,,In Stock,https://fptshop.com.vn/may-tinh-xach-tay/acer-swift-go-14-ai-oled-sfg14-73-75ym-u7-155h?sku=00926058,https://cdn2.fptshop.com.vn/unsafe/acer_swift_go_14_ai_oled_sfg14_73_silver_logo_ai_4de6cf9892.png,fpt,,,0.23076923076923067,0.0,0.15256797583081572,0.5,0.1666666666666668,0.5,0.48,0.5790000000000001,0.5,0.4391653846153847,0.43240673076923075,0.430365,0.4726244230769231,0.5666666666666667,0.4797222083333334,False,False,False,False,False,True,False
"Laptop Asus ExpertBook P1403CVA-C5H16-63WS Core 5 210H/16GB/512GB/14"" FHD/Win11/Office HS24/OS365",asus,Intel,core 5,nan,nan,16,,,512.0,14.0,,nan,Intel,Intel Graphics,Integrated,nan,nan,nan,nan,26190000,nan,False,0,,In Stock,https://fptshop.com.vn/may-tinh-xach-tay/asus-expertbook-p1403cva-c5h16-63ws-core-5-210h?sku=00925127,https://cdn2.fptshop.com.vn/unsafe/asus_expertbook_p1403_xam_01_4440f03aa6.png,fpt,,,0.23076923076923067,0.0,0.1404833836858006,0.5,0.1666666666666668,0.5,0.48,0.341,0.5,0.3320653846153846,0.40563173076923076,0.398235,0.4244294230769231,0.5666666666666667,0.42054945833333335,False,False,False,False,False,True,False
"Laptop Lenovo IdeaPad Slim 5 14AKP10 RYZEN AI 5 330/16GB/512GB/14""WUXGA OLED/W11H (83HX00ABVN)",lenovo,AMD,ryzen ai 5,5.0,nan,16,,,512.0,14.0,,nan,AMD,AMD Radeon Graphics,Integrated,nan,nan,nan,nan,23590000,nan,False,0,,In Stock,https://fptshop.com.vn/may-tinh-xach-tay/lenovo-ideapad-slim-5-14akp10-ryzen-ai-5-330-83hx00abvn?sku=00923923,https://cdn2.fptshop.com.vn/unsafe/00918015_lenovo_ideapad_slim_5_14akp10_1_b70efb79cd.png,fpt,,,0.23076923076923067,0.0,0.10120845921450151,0.5,0.1666666666666668,0.5,0.48,0.29964285714285716,0.5,0.31345467032967034,0.40097905219780217,0.3926517857142857,0.4160546016483516,0.5666666666666667,0.4102670386904762,False,False,False,False,False,True,False
Laptop Acer Swift Lite 14 SFL14-51M-78XZ Ultra7 155U/AI/16GB/512GB/Win11,acer,Intel,core ultra 7,7.0,nan,16,,,512.0,14.0,,nan,Intel,Intel Arc Graphics,Integrated,nan,nan,nan,nan,20990000,nan,False,0,,In Stock,https://fptshop.com.vn/may-tinh-xach-tay/acer-swift-lite-14-ai-sfl14-51m-78xz-u7-155u,https://cdn2.fptshop.com.vn/unsafe/00912993_acer_swift_lite_14_ai_sfl14_51m_1_d91eb7d924.png,fpt,,,0.23076923076923067,0.0,0.061933534743202415,0.5,0.1666666666666668,0.5,0.48,0.5790000000000001,0.5,0.4391653846153847,0.43240673076923075,0.430365,0.4726244230769231,0.5666666666666667,0.4797222083333334,False,False,False,False,False,True,False
"Laptop HP Gaming Victus 15-fa2731TX i5-13420H/16GB/512GB/15.6""FHD/RTX 3050 6GB/Win11 (B85LNPA)",hp,Intel,i5-13420h,13.0,nan,16,,,512.0,15.6,,nan,NVIDIA,RTX 3050,Dedicated,nan,nan,nan,nan,28190000,nan,False,0,,In Stock,https://fptshop.com.vn/may-tinh-xach-tay/hp-gaming-victus-15-fa2731tx-i5-13420h-b85lnpa?sku=00919199,https://cdn2.fptshop.com.vn/unsafe/hp_gaming_victus_15_fa2731tx_1_1667df56d8.png,fpt,,,0.23076923076923067,0.0,0.17069486404833836,0.5,0.8333333333333333,0.5,0.64,0.6195714285714287,0.5,0.5054225274725275,0.5449710164835165,0.5382421428571429,0.5024401373626374,0.43333333333333335,0.48966261309523806,False,False,False,False,False,False,True
"Laptop Gigabyte Gaming A16 CVHI3VN893SH i7 13620H /AI/16GB/512GB/16""FHD/RTX 5060 8GB/Win11",gigabyte,nan,core i7,nan,nan,16,,,512.0,16.0,,nan,NVIDIA,RTX 5060,Dedicated,nan,nan,nan,nan,34290000,nan,False,0,,In Stock,https://fptshop.com.vn/may-tinh-xach-tay/gigabyte-gaming-a16-cvhi3vn893sh-i7-13620h?sku=00926073,https://cdn2.fptshop.com.vn/unsafe/gigabyte_gaming_a16_1_60109e9879.png,fpt,,,0.23076923076923067,0.0,0.2628398791540785,0.5,1.0,0.5,0.64,0.42900000000000005,0.5,0.4196653846153846,0.5235317307692308,0.512515,0.463849423076923,0.4,0.43561512499999994,False,False,False,False,False,False,True
"Laptop HP OmniBook X Flip 14-fm0076TU Ultra 7-258V/AI/32GB/512GB/14"" Touch/Pen/Win11/HS24 (BZ7P6PA)",hp,Intel,core ultra 7,7.0,nan,32,,,512.0,14.0,,nan,Intel,Intel Graphics,Integrated,nan,nan,nan,nan,38990000,nan,False,0,,In Stock,https://fptshop.com.vn/may-tinh-xach-tay/hp-omnibook-x-flip-14-fm0076tu-ultra-7-258v-bz7p6pa?sku=00922645,https://cdn2.fptshop.com.vn/unsafe/00923721_hp_omnibook_x_flip_14_fm_xanh_01_1f7150a411.png,fpt,,,1.0,0.0,0.3338368580060423,0.5,0.1666666666666668,0.5,0.48,0.5790000000000001,0.5,0.5545500000000001,0.5766375,0.580365,0.5245475,0.5666666666666667,0.5434722083333334,False,False,False,False,False,True,False
"Laptop Colorful Rimbook L1 i5- 12450H/16GB/512GB/15.6""FHD/Win11 (A10205500048)",colorful,nan,core i5,nan,nan,16,,,512.0,15.6,,nan,Intel,Intel UHD,Integrated,nan,nan,nan,nan,15990000,nan,False,0,,In Stock,https://fptshop.com.vn/may-tinh-xach-tay/colorful-rimbook-l1-i5-12450h-a10205500048?sku=00924151,https://cdn2.fptshop.com.vn/unsafe/colorful_rimbook_l1_bac_01_370a0eb306.png,fpt,,,0.23076923076923067,0.0,0.0,0.5,0.8333333333333333,0.5,0.48,0.341,0.5,0.3320653846153846,0.40563173076923076,0.398235,0.4244294230769231,0.43333333333333335,0.3938827916666667,False,False,False,False,False,False,True
Laptop Acer Gaming Aspire 7 A715-59G-78WG i7-13620H/16GB/512GB/Nvidia GeForce RTX3050 6GB/Win11,acer,Intel,i7-13620h,13.0,nan,16,,,512.0,15.6,,nan,NVIDIA,RTX 3050,Dedicated,nan,nan,nan,nan,27990000,nan,False,0,,In Stock,https://fptshop.com.vn/may-tinh-xach-tay/acer-gaming-aspire-7-a715-59g-78wg-i7-13620h?sku=00926188,https://cdn2.fptshop.com.vn/unsafe/acer_gaming_aspire_7_a715_59g_black_01_1911a60cd1.png,fpt,,,0.23076923076923067,0.0,0.16767371601208458,0.5,0.8333333333333333,0.5,0.64,0.7075714285714286,0.5,0.5450225274725274,0.5548710164835164,0.5501221428571429,0.5202601373626373,0.43333333333333335,0.511541613095238,False,False,False,False,False,False,True
"Laptop Colorful Rimbook L1 i5- 13420H/16GB/512GB/15.6""FHD/Win11 (A10205500051)",colorful,nan,core i5,nan,nan,16,,,512.0,15.6,,nan,Intel,Intel UHD,Integrated,nan,nan,nan,nan,16990000,nan,False,0,,In Stock,https://fptshop.com.vn/may-tinh-xach-tay/colorful-rimbook-l1-i5-13420h-a10205500051?sku=00924152,https://cdn2.fptshop.com.vn/unsafe/colorful_rimbook_l1_xam_1_96ce53228b.png,fpt,,,0.23076923076923067,0.0,0.0015105740181268882,0.5,0.8333333333333333,0.5,0.48,0.341,0.5,0.3320653846153846,0.40563173076923076,0.398235,0.4244294230769231,0.43333333333333335,0.3938827916666667,False,False,False,False,False,False,True
MacBook Pro 14 M5 2025 10CPU/10GPU/16GB/1TB,apple,Apple,m5,nan,nan,16,,,1000.0,14.2,,nan,Apple,Apple M5 10-core GPU,Integrated,nan,24 hours,nan,24.0,44490000,nan,False,0,,In Stock,https://fptshop.com.vn/may-tinh-xach-tay/macbook-pro-14-m5-2025-10cpu-10gpu-16gb-1tb?sku=00922903,https://cdn2.fptshop.com.vn/unsafe/macbook_pro_14_m5_2025_bac_1_f121a47038.jpg,fpt,,,0.23076923076923067,0.3279569892473118,0.4169184290030212,0.5,0.2499999999999998,0.5,0.48,0.1925,0.5,0.29803608354011574,0.3971244055004135,0.38802620967741935,0.40911623759305205,0.55,0.39841493615591395,False,False,False,False,False,False,False
MacBook Pro 14 M5 2025 10CPU/10GPU/16GB/1TB,apple,Apple,m5,nan,nan,16,,,1000.0,14.2,,nan,Apple,Apple M5 10-core GPU,Integrated,nan,24 hours,nan,24.0,44490000,nan,False,0,,In Stock,https://fptshop.com.vn/may-tinh-xach-tay/macbook-pro-14-m5-2025-10cpu-10gpu-16gb-1tb?sku=00922904,https://cdn2.fptshop.com.vn/unsafe/macbook_pro_14_m5_2025_bac_1_f121a47038.jpg,fpt,,,0.23076923076923067,0.3279569892473118,0.4169184290030212,0.5,0.2499999999999998,0.5,0.48,0.1925,0.5,0.29803608354011574,0.3971244055004135,0.38802620967741935,0.40911623759305205,0.55,0.39841493615591395,False,False,False,False,False,False,False
"Laptop HP OmniBook 7 14-fs0032TU Core 9 270H/AI/32GB/512GB/16"" WUXGA/Win11 (C1NT8PA)",hp,Intel,core 9,nan,nan,32,,,512.0,14.0,,nan,Intel,Intel Graphics,Integrated,nan,nan,nan,nan,39490000,nan,False,0,,In Stock,https://fptshop.com.vn/may-tinh-xach-tay/hp-omnibook-7-14-fs0032tu-core-9-270h-c1nt8pa?sku=00925972,https://cdn2.fptshop.com.vn/unsafe/hp_omnibook_7_14_fs_silver_01_7384270d28.png,fpt,,,1.0,0.0,0.3413897280966767,0.5,0.1666666666666668,0.5,0.48,0.49500000000000005,0.5,0.51675,0.5671875,0.569025,0.5075375,0.5666666666666667,0.5225877083333333,False,False,False,False,False,True,False
"Laptop HP OmniBook 7 14-fs0042TU Core 5 210H/24GB/512GB/14""2K/Win11/Office HS24/M365 (C1MP3PA)",hp,Intel,core 5,nan,nan,24,,,512.0,14.0,,nan,Intel,Intel Graphics,Integrated,nan,nan,nan,nan,28490000,nan,False,0,,In Stock,https://fptshop.com.vn/may-tinh-xach-tay/hp-omnibook-7-14-fs0042tu-core-5-210h-c1mp3pa?sku=00923718,https://cdn2.fptshop.com.vn/unsafe/hp_omnibook_7_14_fs_silver_01_7384270d28.png,fpt,,,0.6153846153846153,0.0,0.17522658610271905,0.5,0.1666666666666668,0.5,0.48,0.341,0.5,0.3897576923076923,0.47774711538461534,0.473235,0.4503909615384615,0.5666666666666667,0.4524244583333333,False,False,False,False,False,True,False
"Laptop Lenovo IdeaPad Slim 3 16IPH11 U7 355/AI/16GB/512GB/16""WUXGA/Window 11 Home SL (83US002WVN)",lenovo,Intel,ultra 7,7.0,nan,16,,,512.0,16.0,,nan,Intel,Intel Graphics,Integrated,nan,nan,nan,nan,31590000,nan,False,0,,In Stock,https://fptshop.com.vn/may-tinh-xach-tay/lenovo-ideapad-slim-3-16iph11-u7-355-83us002wvn?sku=00929027,https://cdn2.fptshop.com.vn/unsafe/00929027_lenovo_ideapad_slim_3_16iph11_01_e1f367a6a0.png,fpt,,,0.23076923076923067,0.0,0.22205438066465258,0.5,1.0,0.5,0.48,0.5790000000000001,0.5,0.4391653846153847,0.43240673076923075,0.430365,0.4726244230769231,0.4,0.4463888750000001,False,False,False,False,False,False,True
"Laptop HP OmniBook 7 Aero 13-bg1085AU Ryzen Al 7 350/16GB/512GB/13.3""/Win11/HS24/OS365 (BZ7U6PA)",hp,AMD,ryzen ai 7,7.0,nan,16,,,512.0,13.3,,nan,AMD,AMD Radeon Graphics,Integrated,nan,nan,nan,nan,31990000,nan,False,0,,In Stock,https://fptshop.com.vn/may-tinh-xach-tay/hp-omnibook-7-aero-13-bg1085au-ryzen-al-7-350-bz7u6pa?sku=00921490,https://cdn2.fptshop.com.vn/unsafe/hp_omnibook_7_aero_13_bac_01_e1622acf8a.png,fpt,,,0.23076923076923067,0.0,0.2280966767371601,0.5,0.0,0.5,0.48,0.3425,0.5,0.3327403846153846,0.4058004807692307,0.3984375,0.42473317307692304,0.6000000000000001,0.42758906249999995,False,False,False,False,False,True,False
"Laptop HP OmniBook 5 16-ag1066AU Ryzen Al 7 350/16GB/512GB/16""Touch/Win11/HS24/OS365 (BZ7S9PA)",hp,AMD,ryzen ai 7,7.0,nan,16,,,512.0,16.0,,nan,AMD,AMD Radeon Graphics,Integrated,nan,nan,nan,nan,29990000,nan,False,0,,In Stock,https://fptshop.com.vn/may-tinh-xach-tay/hp-omnibook-5-16-ag1066au-ryzen-al-7-350-bz7s9pa?sku=00921487,https://cdn2.fptshop.com.vn/unsafe/00921487_hp_omnibook_5_16_bac_01_c038acc6c0.png,fpt,,,0.23076923076923067,0.0,0.19788519637462235,0.5,1.0,0.5,0.48,0.3425,0.5,0.3327403846153846,0.4058004807692307,0.3984375,0.42473317307692304,0.4,0.38758906249999997,False,False,False,False,False,False,True
"Laptop Asus Gaming V16 V3607VU-RP343W Core 5 210H /16GB/512GB/16"" WUXGA/Nvidia GeForce RTX4050 6GB/Win11",asus,Intel,core 5,nan,nan,16,,,512.0,16.0,,nan,NVIDIA,RTX 4050,Dedicated,nan,nan,nan,nan,25990000,nan,False,0,,In Stock,https://fptshop.com.vn/may-tinh-xach-tay/asus-gaming-v16-v3607vu-rp343w-core-5-210h?sku=00919697,https://cdn2.fptshop.com.vn/unsafe/asus_gaming_v16_v3607_black_1_ef14c13760.png,fpt,,,0.23076923076923067,0.0,0.13746223564954682,0.5,1.0,0.5,0.64,0.341,0.5,0.38006538461538464,0.5136317307692307,0.500635,0.44602942307692306,0.4,0.413736125,False,False,False,False,False,False,True
"Laptop Asus Gaming V16 V3607VH-RP025W Core 7 240H /AI/16GB/512GB/16""WUXGA/ Nvidia GeForce RTX5050 8GB/Win11",asus,Intel,core 7,nan,nan,16,,,512.0,16.0,,nan,NVIDIA,RTX 5050,Dedicated,nan,nan,nan,nan,32290000,nan,False,0,,In Stock,https://fptshop.com.vn/may-tinh-xach-tay/asus-gaming-v16-v3607vh-rp025w-core-7-240h?sku=00920306,https://cdn2.fptshop.com.vn/unsafe/00920306_asus_gaming_v16_v3607_black_1_02fa5f546f.png,fpt,,,0.23076923076923067,0.0,0.2326283987915408,0.5,1.0,0.5,0.64,0.42900000000000005,0.5,0.4196653846153846,0.5235317307692308,0.512515,0.463849423076923,0.4,0.43561512499999994,False,False,False,False,False,False,True
"Laptop Gigabyte Gaming A16 CVHI3VNC93SH i7 13620H/16GB/512GB/16""QHD/RTX 5060 8GB/Win11",gigabyte,nan,core i7,nan,nan,16,,,512.0,16.0,,nan,NVIDIA,RTX 5060,Dedicated,nan,76 Wh,76.0,nan,34990000,nan,False,0,,In Stock,https://fptshop.com.vn/may-tinh-xach-tay/gigabyte-gaming-a16-cvhi3vnc93sh-i7-13620h?sku=00922475,https://cdn2.fptshop.com.vn/unsafe/gigabyte_gaming_a16_1_60109e9879.png,fpt,,,0.23076923076923067,0.0,0.27341389728096677,0.5,1.0,1.0,0.64,0.42900000000000005,1.0,0.4196653846153846,0.5235317307692308,0.512515,0.5638494230769231,0.575,0.515615125,False,False,False,False,False,False,True
"Laptop Asus Vivobook S14 S3407VA-LY053W i7-13620H/16GB/512GB/14"" WUXGA/Win11",asus,Intel,i7-13620h,13.0,nan,16,,,512.0,14.0,,nan,Intel,Intel UHD,Integrated,nan,nan,nan,nan,23390000,nan,False,0,,In Stock,https://fptshop.com.vn/may-tinh-xach-tay/asus-vivobook-s14-s3407va-ly053w-i7-13620h,https://cdn2.fptshop.com.vn/unsafe/asus_vivobook_s14_s3407_silver_1_4aa9ec6874.png,fpt,,,0.23076923076923067,0.0,0.09818731117824774,0.5,0.1666666666666668,0.5,0.48,0.7075714285714286,0.5,0.4970225274725275,0.44687101648351646,0.44772214285714285,0.49866013736263737,0.5666666666666667,0.5116882797619048,False,False,False,False,False,True,False
"Laptop Colorful Rimbook S1 i5- 12450H/16GB/512GB/14""WUXGA/Win11 (A10205500034)",colorful,nan,core i5,nan,nan,16,,,512.0,14.0,,nan,Intel,Intel UHD,Integrated,nan,nan,nan,nan,15990000,nan,False,0,,In Stock,https://fptshop.com.vn/may-tinh-xach-tay/colorful-rimbook-s1-i5-12450h-a10205500034?sku=00924150,https://cdn2.fptshop.com.vn/unsafe/colorful_rimbook_s1_xam_01_495abe202a.png,fpt,,,0.23076923076923067,0.0,0.0,0.5,0.1666666666666668,0.5,0.48,0.341,0.5,0.3320653846153846,0.40563173076923076,0.398235,0.4244294230769231,0.5666666666666667,0.42054945833333335,False,False,False,False,False,True,False
"Laptop Asus Vivobook S14 S3407QA-SF043W Qualcomm X1-26-100/AI/16GB/512GB/14""OLED/Win11",asus,Qualcomm,x1-26-100,nan,nan,16,,,512.0,14.0,,nan,Qualcomm,Qualcomm Adreno,Integrated,nan,nan,nan,nan,23390000,nan,False,0,,In Stock,https://fptshop.com.vn/may-tinh-xach-tay/asus-vivobook-s14-s3407qa-sf043w-qualcomm-x1-26-100?sku=00926885,https://cdn2.fptshop.com.vn/unsafe/asus_vivobook_s14_s3407_gray_logo_ai_2de7cbf21a.png,fpt,,,0.23076923076923067,0.0,0.09818731117824774,0.5,0.1666666666666668,0.5,0.45,0.1925,0.5,0.2562403846153846,0.3686754807692308,0.3589875,0.3903081730769231,0.5666666666666667,0.37865614583333335,False,False,False,False,False,True,False
MacBook Air 13 M5 2026 10CPU/10GPU/24GB/512GB/70W,apple,Apple,m5,nan,nan,24,,,512.0,13.6,,nan,Apple,Apple M5 10-core GPU,Integrated,nan,nan,nan,nan,33990000,nan,False,0,,In Stock,https://fptshop.com.vn/may-tinh-xach-tay/macbook-air-13-m5-2026-10cpu-10gpu-24gb-512gb-70w?sku=00927000,https://cdn2.fptshop.com.vn/unsafe/macbook_air_13_m5_silver_1_aaf300c0db.png,fpt,,,0.6153846153846153,0.0,0.2583081570996979,0.5,0.0,0.5,0.48,0.1925,0.5,0.3229326923076923,0.46104086538461536,0.4531875,0.4203197115384615,0.6000000000000001,0.4221703124999999,False,False,False,False,False,True,False
MacBook Air 13 M5 2026 10CPU/10GPU/24GB/512GB/70W,apple,Apple,m5,nan,nan,24,,,512.0,13.6,,nan,Apple,Apple M5 10-core GPU,Integrated,nan,nan,nan,nan,33990000,nan,False,0,,In Stock,https://fptshop.com.vn/may-tinh-xach-tay/macbook-air-13-m5-2026-10cpu-10gpu-24gb-512gb-70w?sku=00926997,https://cdn2.fptshop.com.vn/unsafe/macbook_air_13_m5_silver_1_aaf300c0db.png,fpt,,,0.6153846153846153,0.0,0.2583081570996979,0.5,0.0,0.5,0.48,0.1925,0.5,0.3229326923076923,0.46104086538461536,0.4531875,0.4203197115384615,0.6000000000000001,0.4221703124999999,False,False,False,False,False,True,False
MacBook Air 13 M5 2026 10CPU/10GPU/24GB/512GB/70W,apple,Apple,m5,nan,nan,24,,,512.0,13.6,,nan,Apple,Apple M5 10-core GPU,Integrated,nan,nan,nan,nan,33990000,nan,False,0,,In Stock,https://fptshop.com.vn/may-tinh-xach-tay/macbook-air-13-m5-2026-10cpu-10gpu-24gb-512gb-70w?sku=00926998,https://cdn2.fptshop.com.vn/unsafe/macbook_air_13_m5_silver_1_aaf300c0db.png,fpt,,,0.6153846153846153,0.0,0.2583081570996979,0.5,0.0,0.5,0.48,0.1925,0.5,0.3229326923076923,0.46104086538461536,0.4531875,0.4203197115384615,0.6000000000000001,0.4221703124999999,False,False,False,False,False,True,False
MacBook Air 13 M5 2026 10CPU/10GPU/24GB/512GB/70W,apple,Apple,m5,nan,nan,24,,,512.0,13.6,,nan,Apple,Apple M5 10-core GPU,Integrated,nan,nan,nan,nan,33990000,nan,False,0,,In Stock,https://fptshop.com.vn/may-tinh-xach-tay/macbook-air-13-m5-2026-10cpu-10gpu-24gb-512gb-70w?sku=00926999,https://cdn2.fptshop.com.vn/unsafe/macbook_air_13_m5_silver_1_aaf300c0db.png,fpt,,,0.6153846153846153,0.0,0.2583081570996979,0.5,0.0,0.5,0.48,0.1925,0.5,0.3229326923076923,0.46104086538461536,0.4531875,0.4203197115384615,0.6000000000000001,0.4221703124999999,False,False,False,False,False,True,False
"Laptop Lenovo Ideapad Slim 3 16ARP10 Ryzen 5 7535HS/24GB/512GB/16"" WUXGA/Win11 (83K80075VN)",lenovo,AMD,ryzen 5,5.0,nan,24,,,512.0,16.0,,nan,AMD,AMD Radeon Graphics,Integrated,nan,nan,nan,nan,18990000,nan,False,0,,In Stock,https://fptshop.com.vn/may-tinh-xach-tay/lenovo-ideapad-slim-3-16arp10-ryzen-5-7535hs-83k80075vn?sku=00926239,https://cdn2.fptshop.com.vn/unsafe/lenovo_ideapad_slim_3_16arp10_xam_01_5660622a9d.png,fpt,,,0.6153846153846153,0.0,0.03172205438066465,0.5,1.0,0.5,0.48,0.4481428571428572,0.5,0.43797197802197807,0.4898006868131868,0.4876992857142858,0.4720873901098901,0.4,0.4457295178571429,False,False,False,False,False,False,True
"Laptop Asus Zenbook 14 UM3406GA-QD073WS Ryzen AI 7 445/32GB/1TB/14"" OLED/Win11/Office HS24/M365",asus,AMD,ryzen ai 7,7.0,nan,32,,,1000.0,14.0,,nan,AMD,AMD Radeon Graphics,Integrated,nan,nan,nan,nan,35990000,nan,False,0,,In Stock,https://fptshop.com.vn/may-tinh-xach-tay/asus-zenbook-14-um3406ga-qd073ws-ryzen-ai-7-445?sku=00925809,https://cdn2.fptshop.com.vn/unsafe/asus_zenbook_14_oled_um3406_black_logo_ai_4b06a78852.png,fpt,,,1.0,0.3279569892473118,0.28851963746223563,0.5,0.1666666666666668,0.5,0.48,0.3425,0.5,0.48092069892473116,0.5582301747311827,0.5582762096774193,0.49141431451612905,0.5666666666666667,0.5027920194892472,False,False,False,False,False,True,False
"Laptop Acer Aspire Lite AL15-41P-R3QL R7-5700U/8GB/512GB/15.6""FHD/Win11",acer,AMD,ryzen 7,7.0,nan,8,,,512.0,15.6,,nan,AMD,AMD Radeon Graphics,Integrated,nan,nan,nan,nan,14490000,nan,False,0,,In Stock,https://fptshop.com.vn/may-tinh-xach-tay/acer-aspire-lite-15-al15-41p-r3ql-r7-5700u-8gb?sku=00924476,https://cdn2.fptshop.com.vn/unsafe/acer_aspire_lite_al15_41p_bac_01_7d6cce2d63.png,fpt,,,0.0,0.0,0.0,0.5,0.8333333333333333,0.5,0.48,0.5790000000000001,0.5,0.4045500000000001,0.3891375,0.385365,0.45704750000000005,0.43333333333333335,0.43393054166666667,False,False,False,False,False,False,True
"Laptop Asus Vivobook S14 S3407AA-SF032W Ultra 7-355/AI/16GB/512GB/14"" OLED/Win11",asus,Intel,core ultra 7,7.0,nan,16,,,512.0,14.0,,nan,Intel,Intel Graphics,Integrated,nan,nan,nan,nan,30590000,nan,False,0,,In Stock,https://fptshop.com.vn/may-tinh-xach-tay/asus-vivobook-s14-s3407aa-sf032w-ultra-7-355?sku=00927907,https://cdn2.fptshop.com.vn/unsafe/asus_vivobook_s14_s3407aa_gray_logo_ai_357ad1a690.png,fpt,,,0.23076923076923067,0.0,0.20694864048338368,0.5,0.1666666666666668,0.5,0.48,0.5790000000000001,0.5,0.4391653846153847,0.43240673076923075,0.430365,0.4726244230769231,0.5666666666666667,0.4797222083333334,False,False,False,False,False,True,False
"Laptop Asus Vivobook S14 S3407AA-SF945W Ultra 5-325/AI/16GB/512GB/14"" OLED/Win11",asus,Intel,core ultra 5,5.0,nan,16,,,512.0,14.0,,nan,Intel,Intel Graphics,Integrated,nan,nan,nan,nan,28790000,nan,False,0,,In Stock,https://fptshop.com.vn/may-tinh-xach-tay/asus-vivobook-s14-s3407aa-sf945w-ultra-5-325?sku=00927906,https://cdn2.fptshop.com.vn/unsafe/asus_vivobook_s14_s3407aa_gray_logo_ai_357ad1a690.png,fpt,,,0.23076923076923067,0.0,0.1797583081570997,0.5,0.1666666666666668,0.5,0.48,0.4481428571428572,0.5,0.38027967032967036,0.4176853021978022,0.4126992857142857,0.4461258516483516,0.5666666666666667,0.44718785119047616,False,False,False,False,False,True,False
"Laptop Asus Vivobook Go 14 E1404FA-EB935W R5-40/16GB/ 512GB/14"" FHD/Win11",asus,AMD,ryzen 5,5.0,nan,16,,,512.0,14.0,,nan,AMD,AMD Radeon Graphics,Integrated,nan,nan,nan,nan,18490000,nan,False,0,,In Stock,https://fptshop.com.vn/may-tinh-xach-tay/asus-vivobook-go-14-e1404fa-eb935w-r5-40?sku=00928047,https://cdn2.fptshop.com.vn/unsafe/asus_vivobook_go_14_e1404_silver_01_0ff7718f56.png,fpt,,,0.23076923076923067,0.0,0.02416918429003021,0.5,0.1666666666666668,0.5,0.48,0.4481428571428572,0.5,0.38027967032967036,0.4176853021978022,0.4126992857142857,0.4461258516483516,0.5666666666666667,0.44718785119047616,False,False,False,False,False,True,False
Laptop Lenovo IdeaPad Slim 3 15ARP10 R5 7535HS/24GB/512GB/15.3 inch WUXGA/W11H (83K700EQVN),lenovo,AMD,ryzen 5,5.0,nan,24,,,512.0,15.3,,nan,AMD,AMD Radeon Graphics,Integrated,nan,nan,nan,nan,18990000,nan,False,0,,In Stock,https://fptshop.com.vn/may-tinh-xach-tay/lenovo-ideapad-slim-3-15arp10-r5-7535hs-83k700eqvn?sku=00923921,https://cdn2.fptshop.com.vn/unsafe/lenovo_ideapad_slim_3_15arp10_01_53904a13d6.png,fpt,,,0.6153846153846153,0.0,0.03172205438066465,0.5,0.7083333333333337,0.5,0.48,0.4481428571428572,0.5,0.43797197802197807,0.4898006868131868,0.4876992857142858,0.4720873901098901,0.45833333333333326,0.45739618452380953,False,False,False,False,False,False,False
"Laptop MSI Venture A15 AI A2HMG-003VN R7 260/16GB/512GB/15.6""FHD/Win 11_Túi",msi,AMD,ryzen 7,7.0,nan,16,,,512.0,15.6,,nan,AMD,Radeon 780M,Integrated,nan,nan,nan,nan,21490000,nan,False,0,,In Stock,https://fptshop.com.vn/may-tinh-xach-tay/msi-venture-a15-ai-a2hmg-003vn-r7-260?sku=00918520,https://cdn2.fptshop.com.vn/unsafe/00918520_msi_venture_a15_ai_a2hmg_003vn_den_1_313c4908cf.png,fpt,,,0.23076923076923067,0.0,0.06948640483383686,0.5,0.8333333333333333,0.5,0.48,0.5790000000000001,0.5,0.4391653846153847,0.43240673076923075,0.430365,0.4726244230769231,0.43333333333333335,0.45305554166666673,False,False,False,False,False,False,True
"Laptop Asus ExpertBook P1503CVA-C5H16-63WS Core 5 210H/16GB/512GB/15.6"" FHD/Win11/Office HS24/OS365",asus,Intel,core 5,nan,nan,16,,,512.0,15.6,,nan,Intel,Intel Graphics,Integrated,nan,nan,nan,nan,26190000,nan,False,0,,In Stock,https://fptshop.com.vn/may-tinh-xach-tay/asus-expertbook-p1503cva-c5h16-63ws-core-5-210h?sku=00925126,https://cdn2.fptshop.com.vn/unsafe/asus_expertbook_p1503_xam_01_0e654900d3.png,fpt,,,0.23076923076923067,0.0,0.1404833836858006,0.5,0.8333333333333333,0.5,0.48,0.341,0.5,0.3320653846153846,0.40563173076923076,0.398235,0.4244294230769231,0.43333333333333335,0.3938827916666667,False,False,False,False,False,False,True
Laptop Lenovo ThinkBook 16 G9 IRL i5 13420H/16GB/512GB/16.0WUXGA/W11SL (21US008FVN),lenovo,nan,core i5,nan,nan,16,,,512.0,16.0,,nan,Intel,Intel UHD,Integrated,nan,nan,nan,nan,22590000,nan,False,0,,In Stock,https://fptshop.com.vn/may-tinh-xach-tay/lenovo-thinkbook-16-g9-irl-i5-13420h-21us008fvn?sku=00926663,https://cdn2.fptshop.com.vn/unsafe/lenovo_thinkbook_16_g9_xam_01_a92df3ce35.png,fpt,,,0.23076923076923067,0.0,0.08610271903323263,0.5,1.0,0.5,0.48,0.341,0.5,0.3320653846153846,0.40563173076923076,0.398235,0.4244294230769231,0.4,0.387216125,False,False,False,False,False,False,True
"Laptop HP Gaming Victus 15-fb3116AX R7-7445HS/16GB/512GB/15.6""/Nvidia GeForce RTX3050 6GB/Win11 (BX8U4PA)",hp,AMD,ryzen 7,7.0,nan,16,,,512.0,15.6,,nan,NVIDIA,RTX 3050,Dedicated,nan,nan,nan,nan,27990000,nan,False,0,,In Stock,https://fptshop.com.vn/may-tinh-xach-tay/hp-gaming-victus-15-fb3116ax-r7-7445hs-bx8u4pa?sku=00920518,https://cdn2.fptshop.com.vn/unsafe/hp_gaming_victus_15_fb3116ax_black_01_ef5a0b693f.png,fpt,,,0.23076923076923067,0.0,0.16767371601208458,0.5,0.8333333333333333,0.5,0.64,0.5790000000000001,0.5,0.48716538461538467,0.5404067307692307,0.532765,0.49422442307692305,0.43333333333333335,0.4795755416666667,False,False,False,False,False,False,True
"Laptop Asus Zenbook 14 UM3406GA-QD075WS Ryzen AI 7 445/16GB/512GB/14"" OLED/Win11/Office HS24/M365",asus,AMD,ryzen ai 7,7.0,nan,16,,,512.0,14.0,,nan,AMD,AMD Radeon Graphics,Integrated,nan,nan,nan,nan,29490000,nan,False,0,,In Stock,https://fptshop.com.vn/may-tinh-xach-tay/asus-zenbook-14-um3406ga-qd075ws-ryzen-ai-7-445?sku=00925808,https://cdn2.fptshop.com.vn/unsafe/asus_zenbook_14_oled_um3406_black_logo_ai_4b06a78852.png,fpt,,,0.23076923076923067,0.0,0.1903323262839879,0.5,0.1666666666666668,0.5,0.48,0.3425,0.5,0.3327403846153846,0.4058004807692307,0.3984375,0.42473317307692304,0.5666666666666667,0.4209223958333333,False,False,False,False,False,True,False
"Laptop Lenovo IdeaPad Slim 3 16ARP10 Ryzen 5 7535HS/16GB/512GB/16""WUXGA/Win 11 (83K800GTVN)",lenovo,AMD,ryzen 5,5.0,nan,16,,,512.0,16.0,,nan,AMD,AMD Radeon Graphics,Integrated,nan,nan,nan,nan,18490000,nan,False,0,,In Stock,https://fptshop.com.vn/may-tinh-xach-tay/lenovo-ideapad-slim-3-16arp10-ryzen-5-7535hs-83k800gtvn?sku=00928484,https://cdn2.fptshop.com.vn/unsafe/lenovo_ideapad_slim_3_16arp10_xam_01_5660622a9d.png,fpt,,,0.23076923076923067,0.0,0.02416918429003021,0.5,1.0,0.5,0.48,0.4481428571428572,0.5,0.38027967032967036,0.4176853021978022,0.4126992857142857,0.4461258516483516,0.4,0.41385451785714283,False,False,False,False,False,False,True
"Laptop Asus Vivobook Go E1404FA-EB012W R5-40/8GB/512GB/14"" FHD/Win11",asus,nan,nan,nan,nan,8,,,512.0,14.0,,nan,AMD,AMD Radeon Graphics,Integrated,nan,nan,nan,nan,16990000,nan,False,0,,In Stock,https://fptshop.com.vn/may-tinh-xach-tay/asus-vivobook-go-e1404fa-eb012w-r5-40?sku=00925133,https://cdn2.fptshop.com.vn/unsafe/asus_vivobook_go_14_e1404_silver_01_0ff7718f56.png,fpt,,,0.0,0.0,0.0015105740181268882,0.5,0.1666666666666668,0.5,0.48,0.1925,0.5,0.230625,0.34565625,0.3331875,0.37878124999999996,0.5666666666666667,0.36450364583333333,False,False,False,False,False,True,False
"Laptop Lenovo IdeaPad Slim 5 OLED 15ARP10 R7 7735HS/16GB/512GB/15,1"" WQXGA/Win 11",lenovo,AMD,ryzen 7,7.0,nan,16,,,512.0,15.1,,nan,AMD,Radeon 680M,Integrated,nan,nan,nan,nan,24490000,nan,False,0,,In Stock,https://fptshop.com.vn/may-tinh-xach-tay/lenovo-ideapad-slim-5-oled-15arp10-83j3001dvn,https://cdn2.fptshop.com.vn/unsafe/lenovo_ideapad_slim_5_15arp10_cloud_grey_1_19368bcac1.png,fpt,,,0.23076923076923067,0.0,0.1148036253776435,0.5,0.6249999999999999,0.5,0.48,0.5790000000000001,0.5,0.4391653846153847,0.43240673076923075,0.430365,0.4726244230769231,0.47500000000000003,0.4613888750000001,False,False,False,False,False,False,False
"Laptop Asus Gaming V16 V3607VU-RP216W Core 7 240H /16GB/512GB/16""WUXGA/ Nvidia GeForce RTX4050 6GB/Win11",asus,Intel,core 7,nan,nan,16,,,512.0,16.0,,nan,NVIDIA,RTX 4050,Dedicated,nan,nan,nan,nan,29290000,nan,False,0,,In Stock,https://fptshop.com.vn/may-tinh-xach-tay/asus-gaming-v16-v3607vu-rp216w-core-7-240h?sku=00920309,https://cdn2.fptshop.com.vn/unsafe/asus_gaming_v16_v3607_black_1_ef14c13760.png,fpt,,,0.23076923076923067,0.0,0.18731117824773413,0.5,1.0,0.5,0.64,0.42900000000000005,0.5,0.4196653846153846,0.5235317307692308,0.512515,0.463849423076923,0.4,0.43561512499999994,False,False,False,False,False,False,True
"Laptop MSI Gaming Cyborg 15 B13WEKG-676VN i5 13420H/AI/16GB/512GB/15.6""/Nvidia GeForce RTX5050 8GB/Win11/Balo",msi,nan,core i5,nan,nan,16,,,512.0,15.6,,nan,NVIDIA,RTX 5050,Dedicated,nan,nan,nan,nan,33990000,nan,False,0,,In Stock,https://fptshop.com.vn/may-tinh-xach-tay/msi-gaming-cyborg-15-b13wekg-676vn-i5-13420h?sku=00923912,https://cdn2.fptshop.com.vn/unsafe/msi_modern_15_f13mg_bac_01_3efe9c67ac.png,fpt,,,0.23076923076923067,0.0,0.2583081570996979,0.5,0.8333333333333333,0.5,0.64,0.341,0.5,0.38006538461538464,0.5136317307692307,0.500635,0.44602942307692306,0.43333333333333335,0.42040279166666666,False,False,False,False,False,False,True
MacBook Pro 14 M5 2026 10CPU/10GPU/24GB/1TB/96W,apple,Apple,m5,nan,nan,24,,,1000.0,14.0,,nan,Apple,Apple M5 10-core GPU,Integrated,nan,nan,nan,nan,50490000,nan,False,0,,In Stock,https://fptshop.com.vn/may-tinh-xach-tay/macbook-pro-14-m5-2026-10cpu-10gpu-24gb-1tb-96w?sku=00927197,https://cdn2.fptshop.com.vn/unsafe/macbook_pro_14_m5_2025_den_1_c0818fdf94.jpg,fpt,,,0.6153846153846153,0.3279569892473118,0.5075528700906344,0.5,0.1666666666666668,0.5,0.48,0.1925,0.5,0.35572839123242345,0.46923979011579814,0.46302620967741936,0.4350777760545905,0.5666666666666667,0.4336232694892473,False,False,False,False,False,True,False
MacBook Pro 14 M5 2026 10CPU/10GPU/24GB/1TB/96W,apple,Apple,m5,nan,nan,24,,,1000.0,14.0,,nan,Apple,Apple M5 10-core GPU,Integrated,nan,nan,nan,nan,50490000,nan,False,0,,In Stock,https://fptshop.com.vn/may-tinh-xach-tay/macbook-pro-14-m5-2026-10cpu-10gpu-24gb-1tb-96w?sku=00927198,https://cdn2.fptshop.com.vn/unsafe/macbook_pro_14_m5_2025_den_1_c0818fdf94.jpg,fpt,,,0.6153846153846153,0.3279569892473118,0.5075528700906344,0.5,0.1666666666666668,0.5,0.48,0.1925,0.5,0.35572839123242345,0.46923979011579814,0.46302620967741936,0.4350777760545905,0.5666666666666667,0.4336232694892473,False,False,False,False,False,True,False
"Laptop Acer Swift 14 AI SF14-51-75VP U7 258V/32GB/1TB/14"" OLED 3K/Win11",acer,Intel,core ultra 7,7.0,nan,32,,,1000.0,14.0,,nan,Intel,Intel Graphics,Integrated,nan,nan,nan,nan,35990000,nan,False,0,,In Stock,https://fptshop.com.vn/may-tinh-xach-tay/acer-swift-14-ai-sf14-51-75vp-ultra-7-258v,https://cdn2.fptshop.com.vn/unsafe/00913118_acer_swift_14_ai_sf14_51_53p9_1_31b7d5f54a.png,fpt,,,1.0,0.3279569892473118,0.28851963746223563,0.5,0.1666666666666668,0.5,0.48,0.5790000000000001,0.5,0.5873456989247313,0.5848364247311828,0.5902037096774194,0.5393055645161291,0.5666666666666667,0.5615918319892474,False,False,False,False,False,True,False
"Laptop Lenovo IdeaPad Slim 3 16IPH11 U5 322/AI/24GB/512GB/16""WUXGA/Window 11 Home SL (83US002TVN)",lenovo,Intel,ultra 5,5.0,nan,24,,,512.0,16.0,,nan,Intel,Intel Graphics,Integrated,nan,nan,nan,nan,31990000,nan,False,0,,In Stock,https://fptshop.com.vn/may-tinh-xach-tay/lenovo-ideapad-slim-3-16iph11-u5-322-83us002tvn?sku=00929028,https://cdn2.fptshop.com.vn/unsafe/00929028_lenovo_ideapad_slim_3_16iph11_01_60478804c2.png,fpt,,,0.6153846153846153,0.0,0.2280966767371601,0.5,1.0,0.5,0.48,0.4481428571428572,0.5,0.43797197802197807,0.4898006868131868,0.4876992857142858,0.4720873901098901,0.4,0.4457295178571429,False,False,False,False,False,False,True
"Laptop HP 14-ep1179TU Core 5 120U/16GB/512GB/14""FHD/Win11 (C89ZSPA)",hp,Intel,core 5,nan,nan,16,,,512.0,14.0,,nan,Intel,Intel Graphics,Integrated,nan,nan,nan,nan,20190000,nan,False,0,,In Stock,https://fptshop.com.vn/may-tinh-xach-tay/hp-14-ep1179tu-core-5-120u-c89zspa?sku=00921548,https://cdn2.fptshop.com.vn/unsafe/hp_14_ep1179tu_c89zspa_bac_01_78bc1f9ccb.png,fpt,,,0.23076923076923067,0.0,0.04984894259818731,0.5,0.1666666666666668,0.5,0.48,0.341,0.5,0.3320653846153846,0.40563173076923076,0.398235,0.4244294230769231,0.5666666666666667,0.42054945833333335,False,False,False,False,False,True,False
"Laptop Asus TUF Gaming A16 FA608UM-RV266W R7 260/AI/16GB/512GB/16""/GeForce RTX5060 8GB/Win11",asus,AMD,ryzen 7,7.0,nan,16,,,512.0,16.0,,nan,NVIDIA,RTX 5060,Dedicated,nan,nan,nan,nan,43990000,nan,False,0,,In Stock,https://fptshop.com.vn/may-tinh-xach-tay/asus-tuf-gaming-a16-fa608um-rv266w-r7-260?sku=00927043,https://cdn2.fptshop.com.vn/unsafe/asus_tuf_gaming_a16_fa608pp_um_gray_logo_ai_b09993fb70.png,fpt,,,0.23076923076923067,0.0,0.4093655589123867,0.5,1.0,0.5,0.64,0.5790000000000001,0.5,0.48716538461538467,0.5404067307692307,0.532765,0.49422442307692305,0.4,0.47290887500000006,False,False,False,False,False,False,True
"Laptop MSI Gaming Cyborg 15 A13UC-2082VN i7 13620H/16GB/512GB/15.6""FHD/Nvidia GeForce RTX3050 4GB/Win11+Balo",msi,nan,core i7,nan,nan,16,,,512.0,15.6,,nan,NVIDIA,RTX 3050,Dedicated,nan,nan,nan,nan,26490000,nan,False,0,,In Stock,https://fptshop.com.vn/may-tinh-xach-tay/msi-gaming-cyborg-15-a13uc-2082vn-i7-13620h?sku=00923426,https://cdn2.fptshop.com.vn/unsafe/msi_cyborg_15_a13u_led_xanh_01_9d04b57f75.png,fpt,,,0.23076923076923067,0.0,0.14501510574018128,0.5,0.8333333333333333,0.5,0.64,0.42900000000000005,0.5,0.4196653846153846,0.5235317307692308,0.512515,0.463849423076923,0.43333333333333335,0.4422817916666666,False,False,False,False,False,False,True
"Laptop Lenovo Gaming LOQ 15IRX10 i7-13645HX/AI/16GB/512GB/15.6""FHD/RTX5050 8G/Win11 (83JE01AGVN)",lenovo,Intel,i7-13645hx,13.0,nan,16,,,512.0,15.6,,nan,NVIDIA,RTX 4050,Dedicated,nan,nan,nan,nan,36590000,nan,False,0,,In Stock,https://fptshop.com.vn/may-tinh-xach-tay/lenovo-gaming-loq-15irx10-i7-13645hx-83je01agvn?sku=00927466,https://cdn2.fptshop.com.vn/unsafe/00923225_lenovo_gaming_loq_15irx10_xam_01_d9232e42be.png,fpt,,,0.23076923076923067,0.0,0.297583081570997,0.5,0.8333333333333333,0.5,0.7,0.7075714285714286,0.5,0.5630225274725275,0.5953710164835164,0.5885221428571429,0.5283601373626373,0.43333333333333335,0.521486613095238,False,False,False,False,False,False,True
"Laptop Dell 16 DC16250 Core 7-150U/16GB/1TB/16.0""FHD+ Touch/Win11/Office Home 2024",dell,Intel,core 7,nan,nan,16,,,1000.0,16.0,,nan,Intel,Intel Graphics,Integrated,nan,nan,nan,nan,28690000,nan,False,0,,In Stock,https://fptshop.com.vn/may-tinh-xach-tay/dell-16-dc16250-core-7-150u-c7u161w11blu?sku=00923726,https://cdn2.fptshop.com.vn/unsafe/dell_16_dc16250_black_01_04d6a9e57c.png,fpt,,,0.23076923076923067,0.3279569892473118,0.1782477341389728,0.5,1.0,0.5,0.48,0.42900000000000005,0.5,0.4044610835401158,0.42373065550041356,0.41995370967741935,0.4570074875930521,0.4,0.42721474865591397,False,False,False,False,False,False,True
"Laptop Dell 15 DC15255 R5 7530U/16GB/15.6""FHD/Win11/Office Home 2024/Microsoft 365",dell,AMD,ryzen 5,5.0,nan,16,,,nan,15.6,,nan,AMD,AMD Radeon Graphics,Integrated,nan,nan,nan,nan,20490000,nan,False,0,,In Stock,https://fptshop.com.vn/may-tinh-xach-tay/dell-15-dc15255-r5-7530u-dc5r5802w1?sku=00920560,https://cdn2.fptshop.com.vn/unsafe/dell_15_dc15255_silver_01_03285b0875.png,fpt,,,0.23076923076923067,0.5,0.054380664652567974,0.5,0.8333333333333333,0.5,0.48,0.4481428571428572,0.5,0.43027967032967035,0.43018530219780216,0.4276992857142857,0.4686258516483517,0.43333333333333335,0.44814618452380955,False,False,False,False,False,False,True
"Laptop Lenovo Gaming LOQ 15IRX10 i7 13650HX/AI/16GB/512GB/15.6""FHD/RTX 5050 8GB/83JE00PEVN",lenovo,nan,core i7,nan,nan,16,,,512.0,15.6,,nan,NVIDIA,RTX 5050,Dedicated,nan,nan,nan,nan,36590000,nan,False,0,,In Stock,https://fptshop.com.vn/may-tinh-xach-tay/lenovo-gaming-loq-15irx10-i7-13650hx-16gb-83je00pevn?sku=00923225,https://cdn2.fptshop.com.vn/unsafe/00923225_lenovo_gaming_loq_15irx10_xam_01_d9232e42be.png,fpt,,,0.23076923076923067,0.0,0.297583081570997,0.5,0.8333333333333333,0.5,0.7,0.42900000000000005,0.5,0.4376653846153846,0.5640317307692307,0.5509149999999999,0.4719494230769231,0.43333333333333335,0.4522267916666667,False,False,False,False,False,False,True
"Laptop Lenovo IdeaPad Slim 3 14IPH11 U7 355/AI/16GB/512GB/14""WUXGA/Window 11 Home SL (83UQ003PVN)",lenovo,Intel,ultra 7,7.0,nan,16,,,512.0,14.0,,nan,Intel,Intel Graphics,Integrated,nan,nan,nan,nan,31990000,nan,False,0,,In Stock,https://fptshop.com.vn/may-tinh-xach-tay/lenovo-ideapad-slim-3-14iph11-u7-355-83uq003pvn?sku=00929021,https://cdn2.fptshop.com.vn/unsafe/00929021_lenovo_ideapad_slim_3_14iph11_01_28fd3dbe1e.png,fpt,,,0.23076923076923067,0.0,0.2280966767371601,0.5,0.1666666666666668,0.5,0.48,0.5790000000000001,0.5,0.4391653846153847,0.43240673076923075,0.430365,0.4726244230769231,0.5666666666666667,0.4797222083333334,False,False,False,False,False,True,False
"Laptop Lenovo Gaming Legion 5 15IRX10 i7 13650HX/16GB/512GB/15.3""/RTX 5050 8GB/Win 11+Office",lenovo,nan,core i7,nan,nan,16,,,512.0,15.3,,nan,NVIDIA,RTX 5050,Dedicated,nan,nan,nan,nan,41990000,nan,False,0,,In Stock,https://fptshop.com.vn/may-tinh-xach-tay/lenovo-legion-5-15irx10-i7-13650hx-83ly00hrvn?sku=00923192,https://cdn2.fptshop.com.vn/unsafe/00923192_lenovo_gaming_legion_5_15ahp10_black_01_f35fbccc09.png,fpt,,,0.23076923076923067,0.0,0.37915407854984895,0.5,0.7083333333333337,0.5,0.7,0.42900000000000005,0.5,0.4376653846153846,0.5640317307692307,0.5509149999999999,0.4719494230769231,0.45833333333333326,0.4572267916666667,False,False,False,False,False,False,False
"Laptop Acer Nitro V 15 Gaming ANV15-41-R1JY R5 6600H/16GB/512GB/15.6""FHD/Nvidia GeForce RTX3050 6GB/Win11",acer,AMD,ryzen 5,5.0,nan,16,,,512.0,15.6,,nan,NVIDIA,RTX 3050,Dedicated,nan,nan,nan,nan,21790000,nan,False,0,,In Stock,https://fptshop.com.vn/may-tinh-xach-tay/acer-nitro-v-gaming-anv15-41-r1jy-r5-6600h?sku=00924483,https://cdn2.fptshop.com.vn/unsafe/acer_gaming_nitro_v_anv15_41_den_01_95bdb09909.png,fpt,,,0.23076923076923067,0.0,0.07401812688821752,0.5,0.8333333333333333,0.5,0.64,0.4481428571428572,0.5,0.42827967032967035,0.5256853021978022,0.5150992857142858,0.4677258516483517,0.43333333333333335,0.44704118452380953,False,False,False,False,False,False,True
MacBook Air 13 M5 2026 10CPU/10GPU/16GB/1TB/35W,apple,Apple,m5,nan,nan,16,,,1000.0,13.6,,nan,Apple,Apple M5 10-core GPU,Integrated,nan,18 hours,nan,18.0,34990000,nan,False,0,,In Stock,https://fptshop.com.vn/may-tinh-xach-tay/macbook-air-13-inch-m5-2026-10cpu-10gpu-16gb-1tb?sku=00926587,https://cdn2.fptshop.com.vn/unsafe/macbook_air_13_m5_sky_blue_1_d2ba4f7e98.png,fpt,,,0.23076923076923067,0.3279569892473118,0.27341389728096677,0.5,0.0,0.5,0.48,0.1925,0.5,0.29803608354011574,0.3971244055004135,0.38802620967741935,0.40911623759305205,0.6000000000000001,0.40841493615591395,False,False,False,False,False,True,False
MacBook Air 13 M5 2026 10CPU/10GPU/16GB/1TB/35W,apple,Apple,m5,nan,nan,16,,,1000.0,13.6,,nan,Apple,Apple M5 10-core GPU,Integrated,nan,18 hours,nan,18.0,34990000,nan,False,0,,In Stock,https://fptshop.com.vn/may-tinh-xach-tay/macbook-air-13-inch-m5-2026-10cpu-10gpu-16gb-1tb?sku=00926585,https://cdn2.fptshop.com.vn/unsafe/macbook_air_13_m5_sky_blue_1_d2ba4f7e98.png,fpt,,,0.23076923076923067,0.3279569892473118,0.27341389728096677,0.5,0.0,0.5,0.48,0.1925,0.5,0.29803608354011574,0.3971244055004135,0.38802620967741935,0.40911623759305205,0.6000000000000001,0.40841493615591395,False,False,False,False,False,True,False
MacBook Air 13 M5 2026 10CPU/10GPU/16GB/1TB/35W,apple,Apple,m5,nan,nan,16,,,1000.0,13.6,,nan,Apple,Apple M5 10-core GPU,Integrated,nan,18 hours,nan,18.0,34990000,nan,False,0,,In Stock,https://fptshop.com.vn/may-tinh-xach-tay/macbook-air-13-inch-m5-2026-10cpu-10gpu-16gb-1tb?sku=00926586,https://cdn2.fptshop.com.vn/unsafe/macbook_air_13_m5_sky_blue_1_d2ba4f7e98.png,fpt,,,0.23076923076923067,0.3279569892473118,0.27341389728096677,0.5,0.0,0.5,0.48,0.1925,0.5,0.29803608354011574,0.3971244055004135,0.38802620967741935,0.40911623759305205,0.6000000000000001,0.40841493615591395,False,False,False,False,False,True,False
MacBook Air 13 M5 2026 10CPU/10GPU/16GB/1TB/35W,apple,Apple,m5,nan,nan,16,,,1000.0,13.6,,nan,Apple,Apple M5 10-core GPU,Integrated,nan,18 hours,nan,18.0,34990000,nan,False,0,,In Stock,https://fptshop.com.vn/may-tinh-xach-tay/macbook-air-13-inch-m5-2026-10cpu-10gpu-16gb-1tb?sku=00926584,https://cdn2.fptshop.com.vn/unsafe/macbook_air_13_m5_sky_blue_1_d2ba4f7e98.png,fpt,,,0.23076923076923067,0.3279569892473118,0.27341389728096677,0.5,0.0,0.5,0.48,0.1925,0.5,0.29803608354011574,0.3971244055004135,0.38802620967741935,0.40911623759305205,0.6000000000000001,0.40841493615591395,False,False,False,False,False,True,False
Laptop HP EliteBook 6 G1i Core Ultra 5 225H/AI/16GB/512GB/14 inch WUXGA/Win 11 (BQ9M9PT),hp,Intel,core ultra 5,5.0,nan,16,,,512.0,14.0,,nan,Intel,Intel Graphics,Integrated,nan,nan,nan,nan,31990000,nan,False,0,,In Stock,https://fptshop.com.vn/may-tinh-xach-tay/hp-elitebook-6-g1i-core-ultra-5-225h-bq9m9pt?sku=00923810,https://cdn2.fptshop.com.vn/unsafe/hp_elitebook_6_bac_01_76ef82bdbf.png,fpt,,,0.23076923076923067,0.0,0.2280966767371601,0.5,0.1666666666666668,0.5,0.48,0.4481428571428572,0.5,0.38027967032967036,0.4176853021978022,0.4126992857142857,0.4461258516483516,0.5666666666666667,0.44718785119047616,False,False,False,False,False,True,False
"Laptop HP OmniBook 7 16-az0040TU Core 9-270H/32GB/512GB/16""2K/Win11/Office HS24/M365 (C2DR3PA)",hp,Intel,core 9,nan,nan,32,,,512.0,16.0,,nan,Intel,Intel Graphics,Integrated,nan,nan,nan,nan,39490000,nan,False,0,,In Stock,https://fptshop.com.vn/may-tinh-xach-tay/hp-omnibook-7-16-az0040tu-core-9-270h-c2dr3pa?sku=00923719,https://cdn2.fptshop.com.vn/unsafe/hp_omnibook_7_16_az_silver_01_cb9e1f46c7.png,fpt,,,1.0,0.0,0.3413897280966767,0.5,1.0,0.5,0.48,0.49500000000000005,0.5,0.51675,0.5671875,0.569025,0.5075375,0.4,0.489254375,False,False,False,False,False,False,True
MacBook Air 13 M5 2026 10CPU/10GPU/32GB/1TB/70W,apple,Apple,m5,nan,nan,32,,,1000.0,13.6,,nan,Apple,Apple M5 10-core GPU,Integrated,nan,nan,nan,nan,45990000,nan,False,0,,In Stock,https://fptshop.com.vn/may-tinh-xach-tay/macbook-air-13-m5-2026-10cpu-10gpu-32gb-1tb-70w?sku=00926996,https://cdn2.fptshop.com.vn/unsafe/macbook_air_13_m5_silver_1_aaf300c0db.png,fpt,,,1.0,0.3279569892473118,0.4395770392749245,0.5,0.0,0.5,0.48,0.1925,0.5,0.41342069892473116,0.5413551747311828,0.5380262096774193,0.461039314516129,0.6000000000000001,0.47216493615591393,False,False,False,False,False,True,False
MacBook Air 13 M5 2026 10CPU/10GPU/32GB/1TB/70W,apple,Apple,m5,nan,nan,32,,,1000.0,13.6,,nan,Apple,Apple M5 10-core GPU,Integrated,nan,nan,nan,nan,45990000,nan,False,0,,In Stock,https://fptshop.com.vn/may-tinh-xach-tay/macbook-air-13-m5-2026-10cpu-10gpu-32gb-1tb-70w?sku=00926993,https://cdn2.fptshop.com.vn/unsafe/macbook_air_13_m5_silver_1_aaf300c0db.png,fpt,,,1.0,0.3279569892473118,0.4395770392749245,0.5,0.0,0.5,0.48,0.1925,0.5,0.41342069892473116,0.5413551747311828,0.5380262096774193,0.461039314516129,0.6000000000000001,0.47216493615591393,False,False,False,False,False,True,False
MacBook Air 13 M5 2026 10CPU/10GPU/32GB/1TB/70W,apple,Apple,m5,nan,nan,32,,,1000.0,13.6,,nan,Apple,Apple M5 10-core GPU,Integrated,nan,nan,nan,nan,45990000,nan,False,0,,In Stock,https://fptshop.com.vn/may-tinh-xach-tay/macbook-air-13-m5-2026-10cpu-10gpu-32gb-1tb-70w?sku=00926995,https://cdn2.fptshop.com.vn/unsafe/macbook_air_13_m5_silver_1_aaf300c0db.png,fpt,,,1.0,0.3279569892473118,0.4395770392749245,0.5,0.0,0.5,0.48,0.1925,0.5,0.41342069892473116,0.5413551747311828,0.5380262096774193,0.461039314516129,0.6000000000000001,0.47216493615591393,False,False,False,False,False,True,False
MacBook Air 13 M5 2026 10CPU/10GPU/32GB/1TB/70W,apple,Apple,m5,nan,nan,32,,,1000.0,13.6,,nan,Apple,Apple M5 10-core GPU,Integrated,nan,nan,nan,nan,45990000,nan,False,0,,In Stock,https://fptshop.com.vn/may-tinh-xach-tay/macbook-air-13-m5-2026-10cpu-10gpu-32gb-1tb-70w?sku=00926994,https://cdn2.fptshop.com.vn/unsafe/macbook_air_13_m5_silver_1_aaf300c0db.png,fpt,,,1.0,0.3279569892473118,0.4395770392749245,0.5,0.0,0.5,0.48,0.1925,0.5,0.41342069892473116,0.5413551747311828,0.5380262096774193,0.461039314516129,0.6000000000000001,0.47216493615591393,False,False,False,False,False,True,False
"Laptop Acer Gaming Nitro Lite 16 NL16-71G-71UJ i7 13620H/16GB/512GB/16""FHD+/RTX 3050 6GB/Win11",acer,nan,core i7,nan,nan,16,,,512.0,16.0,,nan,NVIDIA,RTX 3050,Dedicated,nan,nan,nan,nan,26190000,nan,False,0,,In Stock,https://fptshop.com.vn/may-tinh-xach-tay/acer-gaming-nitro-lite-16-nl16-71g-71uj-i7-13620h?sku=00918070,https://cdn2.fptshop.com.vn/unsafe/Acer_Gaming_Nitro_Lite_NL_16_71_G_1_b3452ff430.png,fpt,,,0.23076923076923067,0.0,0.1404833836858006,0.5,1.0,0.5,0.64,0.42900000000000005,0.5,0.4196653846153846,0.5235317307692308,0.512515,0.463849423076923,0.4,0.43561512499999994,False,False,False,False,False,False,True
"Laptop Asus Vivobook S14 S3407CA-SF923W Ultra 7 255H/AI/16GB/512GB/14""OLED/Win11",asus,Intel,core ultra 7,7.0,nan,16,,,512.0,14.0,,nan,Intel,Intel Graphics,Integrated,nan,nan,nan,nan,28790000,nan,False,0,,In Stock,https://fptshop.com.vn/may-tinh-xach-tay/asus-vivobook-s14-s3407ca-sf923w-ultra-7-255h?sku=00926829,https://cdn2.fptshop.com.vn/unsafe/asus_vivobook_s14_s3407_gray_logo_ai_2de7cbf21a.png,fpt,,,0.23076923076923067,0.0,0.1797583081570997,0.5,0.1666666666666668,0.5,0.48,0.5790000000000001,0.5,0.4391653846153847,0.43240673076923075,0.430365,0.4726244230769231,0.5666666666666667,0.4797222083333334,False,False,False,False,False,True,False
"Laptop Asus Vivobook E1504FA-BQ1150W R5-7520U/16GB/512GB/15.6"" FHD/Win11",asus,AMD,ryzen 5,5.0,nan,16,,,512.0,15.6,,nan,AMD,AMD Radeon Graphics,Integrated,nan,nan,nan,nan,15390000,nan,False,0,,In Stock,https://fptshop.com.vn/may-tinh-xach-tay/asus-vivobook-e1504fa-bq1150w-r5-7520u?sku=00920691,https://cdn2.fptshop.com.vn/unsafe/asus_vivobook_e1504_bac_01_efb6d734fb.png,fpt,,,0.23076923076923067,0.0,0.0,0.5,0.8333333333333333,0.5,0.48,0.4481428571428572,0.5,0.38027967032967036,0.4176853021978022,0.4126992857142857,0.4461258516483516,0.43333333333333335,0.4205211845238095,False,False,False,False,False,False,True
"Laptop Asus Gaming ROG Strix G16 G614PH-S5101W R9-8940HX/AI/16GB/512GB/16"" 240Hz/GeForce RTX5050 8GB/Win11",asus,AMD,ryzen 9,9.0,nan,16,,,512.0,16.0,,nan,NVIDIA,RTX 5050,Dedicated,nan,nan,nan,nan,44990000,nan,False,0,,In Stock,https://fptshop.com.vn/may-tinh-xach-tay/asus-gaming-rog-g16-g614ph-s5101w-r9-8940hx?sku=00926890,https://cdn2.fptshop.com.vn/unsafe/asus_rog_strix_g16_g614_den_08_3289a9fa3e.png,fpt,,,0.23076923076923067,0.0,0.4244712990936556,0.5,1.0,0.5,0.64,0.687857142857143,0.5,0.536151098901099,0.5526531593406594,0.5474607142857143,0.5162679945054945,0.4,0.49997348214285725,False,False,False,False,False,False,True
"Laptop MSI Gaming Katana 15 HX B14WFK-267VN i7 14650HX/AI/32GB/512GB/15.6""QHD/RTX5060 8GB/W11_Balo",msi,nan,core i7,nan,nan,32,,,512.0,15.6,,nan,NVIDIA,RTX 5060,Dedicated,nan,nan,nan,nan,42990000,nan,False,0,,In Stock,https://fptshop.com.vn/may-tinh-xach-tay/msi-gaming-katana-15-hx-b14wfk-267vn-i7-14650hx?sku=00920584,https://cdn2.fptshop.com.vn/unsafe/00920584_msi_gaming_katana_15hx_b14wx_black_01_7b7ec3f1f4.png,fpt,,,1.0,0.0,0.3942598187311178,0.5,0.8333333333333333,0.5,0.64,0.42900000000000005,0.5,0.53505,0.6677625,0.6625150000000001,0.5157725,0.43333333333333335,0.5060317916666667,True,True,False,False,False,False,True
"Laptop Acer Aspire Lite 15 AL15-42P-R8E6 R5 7430U/16GB/512GB/15.6""FHD/Win11/Office Home 2024",acer,AMD,ryzen 5,5.0,nan,16,,,512.0,15.6,,nan,AMD,AMD Radeon Graphics,Integrated,nan,nan,nan,nan,15890000,nan,False,0,,In Stock,https://fptshop.com.vn/may-tinh-xach-tay/acer-aspire-lite-15-al15-42p-r8e6-r5-7430u?sku=00923429,https://cdn2.fptshop.com.vn/unsafe/acer_aspire_lite_15_al15_42p_01_4af029ebf8.png,fpt,,,0.23076923076923067,0.0,0.0,0.5,0.8333333333333333,0.5,0.48,0.4481428571428572,0.5,0.38027967032967036,0.4176853021978022,0.4126992857142857,0.4461258516483516,0.43333333333333335,0.4205211845238095,False,False,False,False,False,False,True
"Laptop MSI Gaming Katana 15HX B14WEK-027VN i7-14650HX /AI/32GB/512GB/15.6""QHD/ RTX 5050 8GB/Win11_Balo",msi,Intel,i7-14650hx,14.0,nan,32,,,512.0,15.6,,nan,NVIDIA,RTX 5050,Dedicated,nan,nan,nan,nan,45990000,nan,False,0,,In Stock,https://fptshop.com.vn/may-tinh-xach-tay/msi-gaming-katana-15hx-b14wek-027vn-i7-14650hx?sku=00920322,https://cdn2.fptshop.com.vn/unsafe/00920322_msi_gaming_katana_15hx_b14wek_den_01_a8beaf8a3e.png,fpt,,,1.0,0.0,0.4395770392749245,0.5,0.8333333333333333,0.5,0.64,0.7290000000000001,0.5,0.6700500000000001,0.7015125000000001,0.7030150000000001,0.5765225,0.43333333333333335,0.5806192916666668,True,True,False,False,False,False,True
MacBook Pro 14 M5 2026 10CPU/10GPU/32GB/1TB/96W,apple,Apple,m5,nan,nan,32,,,1000.0,14.0,,nan,Apple,Apple M5 10-core GPU,Integrated,nan,nan,nan,nan,55490000,nan,False,0,,In Stock,https://fptshop.com.vn/may-tinh-xach-tay/macbook-pro-14-m5-2026-10cpu-10gpu-32gb-1tb-96w?sku=00927194,https://cdn2.fptshop.com.vn/unsafe/macbook_pro_14_m5_2025_den_1_c0818fdf94.jpg,fpt,,,1.0,0.3279569892473118,0.5830815709969789,0.5,0.1666666666666668,0.5,0.48,0.1925,0.5,0.41342069892473116,0.5413551747311828,0.5380262096774193,0.461039314516129,0.5666666666666667,0.4654982694892473,False,False,False,False,False,True,False
MacBook Pro 14 M5 2026 10CPU/10GPU/32GB/1TB/96W,apple,Apple,m5,nan,nan,32,,,1000.0,14.0,,nan,Apple,Apple M5 10-core GPU,Integrated,nan,nan,nan,nan,55490000,nan,False,0,,In Stock,https://fptshop.com.vn/may-tinh-xach-tay/macbook-pro-14-m5-2026-10cpu-10gpu-32gb-1tb-96w?sku=00927193,https://cdn2.fptshop.com.vn/unsafe/macbook_pro_14_m5_2025_den_1_c0818fdf94.jpg,fpt,,,1.0,0.3279569892473118,0.5830815709969789,0.5,0.1666666666666668,0.5,0.48,0.1925,0.5,0.41342069892473116,0.5413551747311828,0.5380262096774193,0.461039314516129,0.5666666666666667,0.4654982694892473,False,False,False,False,False,True,False
"Laptop Asus TUF Gaming F16 FX607VJB-RL151W Core 5-210H/16GB/512GB/16"" FHD+/Nvidia RTX3050 6GB/Win11",asus,Intel,core 5,nan,nan,16,,,512.0,16.0,,nan,NVIDIA,RTX 3050,Dedicated,nan,nan,nan,nan,23490000,nan,False,0,,In Stock,https://fptshop.com.vn/may-tinh-xach-tay/asus-tuf-gaming-fx607vjb-rl151w-core-5-210h?sku=00923543,https://cdn2.fptshop.com.vn/unsafe/asus_tuf_gaming_f16_fx607vj_01_688eb56c00.png,fpt,,,0.23076923076923067,0.0,0.09969788519637462,0.5,1.0,0.5,0.64,0.341,0.5,0.38006538461538464,0.5136317307692307,0.500635,0.44602942307692306,0.4,0.413736125,False,False,False,False,False,False,True
Laptop Gigabyte Gaming A16 CWHI3VNC94SH i7 13620H/AI/16GB/1TB/16'WQXGA 165Hz/RTX 5070 8GB/W11SL,gigabyte,nan,core i7,nan,nan,16,,,1000.0,16.0,,nan,NVIDIA,RTX 5070,Dedicated,nan,nan,nan,nan,40990000,nan,False,0,,In Stock,https://fptshop.com.vn/may-tinh-xach-tay/gigabyte-gaming-a16-cwhi3vnc94sh-i7-13620h?sku=00927280,https://cdn2.fptshop.com.vn/unsafe/gigabyte_gaming_a16_1_60109e9879.png,fpt,,,0.23076923076923067,0.3279569892473118,0.3640483383685801,0.5,1.0,0.5,0.64,0.42900000000000005,0.5,0.45246108354011577,0.5317306555004135,0.5223537096774193,0.47860748759305205,0.4,0.45373474865591396,False,False,False,False,False,False,True
"Laptop Asus Zenbook 14 UX3405CA-ST628W Ultra 5-225H/AI/16GB/512GB/14"" 3K OLED/Win11",asus,Intel,core ultra 5,5.0,nan,16,,,512.0,14.0,,nan,Intel,Intel Arc Graphics,Integrated,nan,nan,nan,nan,29090000,nan,False,0,,In Stock,https://fptshop.com.vn/may-tinh-xach-tay/asus-zenbook-14-ux3405ca-st628w-ultra-5-225h?sku=00925804,https://cdn2.fptshop.com.vn/unsafe/00915959_asus_zenbook_14_ux3405_blue_01_8f973299ac.png,fpt,,,0.23076923076923067,0.0,0.18429003021148035,0.5,0.1666666666666668,0.5,0.48,0.4481428571428572,0.5,0.38027967032967036,0.4176853021978022,0.4126992857142857,0.4461258516483516,0.5666666666666667,0.44718785119047616,False,False,False,False,False,True,False
"Laptop Asus Vivobook Gaming V16 V3607VM-RP044W Core 7-240H/16GB/1TB/16"" 144Hz/Nvidia GeForce RTX5060 8GB/Win11",asus,Intel,core 7,nan,nan,16,,,1000.0,16.0,,nan,NVIDIA,RTX 5060,Dedicated,nan,nan,nan,nan,35490000,nan,False,0,,In Stock,https://fptshop.com.vn/may-tinh-xach-tay/asus-vivobook-gaming-v16-v3607vm-rp044w-core-7-240h,https://cdn2.fptshop.com.vn/unsafe/asus_gaming_v16_v3607_1_d81df79f97.png,fpt,,,0.23076923076923067,0.3279569892473118,0.2809667673716012,0.5,1.0,0.5,0.64,0.42900000000000005,0.5,0.45246108354011577,0.5317306555004135,0.5223537096774193,0.47860748759305205,0.4,0.45373474865591396,False,False,False,False,False,False,True
"Laptop Asus Vivobook Gaming K3605VC-RP431W i5-13420H/16GB/512GB/16"" WUXGA/RTX 3050 4GB/W11",asus,Intel,i5-13420h,13.0,nan,16,,,512.0,16.0,,nan,NVIDIA,RTX 3050,Dedicated,nan,nan,nan,nan,20990000,nan,False,0,,In Stock,https://fptshop.com.vn/may-tinh-xach-tay/asus-vivobook-gaming-k3605vc-rp431w-i5-13420h,https://cdn2.fptshop.com.vn/unsafe/asus_gaming_vivobook_k3605_black_1_6dec3a2e8f.png,fpt,,,0.23076923076923067,0.0,0.061933534743202415,0.5,1.0,0.5,0.64,0.6195714285714287,0.5,0.5054225274725275,0.5449710164835165,0.5382421428571429,0.5024401373626374,0.4,0.4829959464285714,False,False,False,False,False,False,True
"Laptop Asus Vivobook Gaming V16 V3607VH-RP024W Core 5-210H/16GB/512GB/16"" 144Hz/Nvidia GeForce RTX5050 8GB/Win11",asus,Intel,core 5,nan,nan,16,,,512.0,16.0,,nan,NVIDIA,RTX 5050,Dedicated,nan,nan,nan,nan,27990000,nan,False,0,,In Stock,https://fptshop.com.vn/may-tinh-xach-tay/asus-vivobook-gaming-v16-v3607vh-rp024w-core-5-210h,https://cdn2.fptshop.com.vn/unsafe/asus_gaming_v16_v3607_1_d81df79f97.png,fpt,,,0.23076923076923067,0.0,0.16767371601208458,0.5,1.0,0.5,0.64,0.341,0.5,0.38006538461538464,0.5136317307692307,0.500635,0.44602942307692306,0.4,0.413736125,False,False,False,False,False,False,True
"Laptop Asus Vivobook S14 M3407HA-SF480W R5-220/16GB/512GB/14"" OLED/Win11",asus,AMD,ryzen 5,5.0,nan,16,,,512.0,14.0,,nan,AMD,AMD Radeon Graphics,Integrated,nan,nan,nan,nan,22890000,nan,False,0,,In Stock,https://fptshop.com.vn/may-tinh-xach-tay/asus-vivobook-s14-m3407ha-sf480w-r5-220?sku=00925805,https://cdn2.fptshop.com.vn/unsafe/asus_vivobook_s14_m3407ga_xam_01_d838912be9.png,fpt,,,0.23076923076923067,0.0,0.09063444108761329,0.5,0.1666666666666668,0.5,0.48,0.4481428571428572,0.5,0.38027967032967036,0.4176853021978022,0.4126992857142857,0.4461258516483516,0.5666666666666667,0.44718785119047616,False,False,False,False,False,True,False
"Laptop Asus Vivobook S14 S3407CA-SF913W Ultra 5-225H/AI/16GB/512GB/14""OLED/Win11",asus,Intel,core ultra 5,5.0,nan,16,,,512.0,14.0,,nan,Intel,Intel Graphics,Integrated,nan,nan,nan,nan,25490000,nan,False,0,,In Stock,https://fptshop.com.vn/may-tinh-xach-tay/asus-vivobook-s14-s3407ca-sf913w-ultra-5-225h?sku=00926828,https://cdn2.fptshop.com.vn/unsafe/asus_vivobook_s14_s3407_gray_logo_ai_2de7cbf21a.png,fpt,,,0.23076923076923067,0.0,0.1299093655589124,0.5,0.1666666666666668,0.5,0.48,0.4481428571428572,0.5,0.38027967032967036,0.4176853021978022,0.4126992857142857,0.4461258516483516,0.5666666666666667,0.44718785119047616,False,False,False,False,False,True,False
"Laptop Acer Aspire Lite 16 AI AL16-71P-71WU Ultra 7 155H/16GB/512GB/16""FHD+/Win11",acer,Intel,ultra 7,7.0,nan,16,,,512.0,16.0,,nan,Intel,Intel Arc Graphics,Integrated,nan,nan,nan,nan,20990000,nan,False,0,,In Stock,https://fptshop.com.vn/may-tinh-xach-tay/acer-aspire-lite-16-ai-al16-71p-71wu-ultra-7-155h?sku=00919801,https://cdn2.fptshop.com.vn/unsafe/00919801_acer_aspire_lite_16_ai_al16_71p_silver_01_84403f22ee.png,fpt,,,0.23076923076923067,0.0,0.061933534743202415,0.5,1.0,0.5,0.48,0.5790000000000001,0.5,0.4391653846153847,0.43240673076923075,0.430365,0.4726244230769231,0.4,0.4463888750000001,False,False,False,False,False,False,True
Laptop Dell 14 DC14250 Core 5 120U/16GB/1TB/14''FHD+/Win11/Office Home 2024/Microsoft 365 (F0FTK5),dell,Intel,core 5,nan,nan,16,,,1000.0,14.0,,nan,Intel,Intel Graphics,Integrated,nan,nan,nan,nan,25990000,nan,False,0,,In Stock,https://fptshop.com.vn/may-tinh-xach-tay/dell-14-dc14250-core-5-120u-f0ftk5?sku=00925501,https://cdn2.fptshop.com.vn/unsafe/Dell_14_DC_14250_Bac_01_11c0a90f25.png,fpt,,,0.23076923076923067,0.3279569892473118,0.13746223564954682,0.5,0.1666666666666668,0.5,0.48,0.341,0.5,0.36486108354011576,0.41383065550041354,0.40807370967741935,0.43918748759305204,0.5666666666666667,0.4386690819892473,False,False,False,False,False,True,False
"Laptop Dell Inspiron 14 5441 X1P-64-100/AI/16GB/1TB/14.0""FHD+/Office Home 2024/Microsoft 365",dell,Qualcomm,x1p-64-100,nan,nan,16,,,1000.0,14.0,,nan,nan,nan,nan,nan,nan,nan,nan,31490000,nan,False,0,,In Stock,https://fptshop.com.vn/may-tinh-xach-tay/dell-inspiron-14-5441-x1p-64-100n4o10441w1?sku=00923730,https://cdn2.fptshop.com.vn/unsafe/00918054_dell_inspiron_14_5441_1_f77fa23935.png,fpt,,,0.23076923076923067,0.3279569892473118,0.22054380664652568,0.5,0.1666666666666668,0.5,0.45,0.1925,0.5,0.2890360835401158,0.37687440550041357,0.36882620967741936,0.40506623759305205,0.5666666666666667,0.39677576948924725,False,False,False,False,False,True,False
"Laptop Lenovo IdeaPad Slim 5 14IMH10 U5-135H/AI/16GB/512GB/14""WUXGA/Win 11 (83V6001GVN)",lenovo,Intel,ultra 5,5.0,nan,16,,,512.0,14.0,,nan,Intel,Intel Graphics,Integrated,nan,nan,nan,nan,23490000,nan,False,0,,In Stock,https://fptshop.com.vn/may-tinh-xach-tay/lenovo-ideapad-slim-5-14imh10-u5-135h-83v6001gvn?sku=00927468,https://cdn2.fptshop.com.vn/unsafe/lenovo_ideapad_slim_5_14imh10_xam_01_e04a13bdf1.png,fpt,,,0.23076923076923067,0.0,0.09969788519637462,0.5,0.1666666666666668,0.5,0.48,0.4481428571428572,0.5,0.38027967032967036,0.4176853021978022,0.4126992857142857,0.4461258516483516,0.5666666666666667,0.44718785119047616,False,False,False,False,False,True,False
MacBook Pro 14 M5 Pro 2026 15CPU/16GPU/24GB/2TB/70W,apple,Apple,m5 pro,nan,nan,24,,,2000.0,14.0,,nan,Apple,Apple M5 PRO 16-core GPU,Integrated,nan,22 hours,nan,22.0,70490000,nan,False,0,,In Stock,https://fptshop.com.vn/may-tinh-xach-tay/macbook-pro-14-m5-pro-2026-15cpu-16gpu-24gb-2tb?sku=00926606,https://cdn2.fptshop.com.vn/unsafe/macbook_pro_14_m5_pro_space_black_1_2b3d8ad534.png,fpt,,,0.6153846153846153,1.0,0.8096676737160121,0.5,0.1666666666666668,0.5,0.48,0.1925,0.5,0.42293269230769226,0.48604086538461533,0.4831875,0.4653197115384615,0.5666666666666667,0.4707536458333333,False,False,False,False,False,True,False
"Laptop Gigabyte Gaming A16 CTHI3VN893SH i7 13620H/16GB/512GB/16""FHD/RTX 5050 8GB/Win11",gigabyte,nan,core i7,nan,nan,16,,,512.0,16.0,,nan,NVIDIA,RTX 5050,Dedicated,nan,nan,nan,nan,32590000,nan,False,0,,In Stock,https://fptshop.com.vn/may-tinh-xach-tay/gigabyte-gaming-a16-cthi3vn893sh-i7-13620h?sku=00922476,https://cdn2.fptshop.com.vn/unsafe/gigabyte_gaming_a16_1_60109e9879.png,fpt,,,0.23076923076923067,0.0,0.23716012084592145,0.5,1.0,0.5,0.64,0.42900000000000005,0.5,0.4196653846153846,0.5235317307692308,0.512515,0.463849423076923,0.4,0.43561512499999994,False,False,False,False,False,False,True
MacBook Air 15 M5 2026 10CPU/10GPU/16GB/512GB/35W,apple,Apple,m5,nan,nan,16,,,512.0,15.3,,nan,Apple,Apple M5 10-core GPU,Integrated,nan,18 hours,nan,18.0,33490000,nan,False,0,,In Stock,https://fptshop.com.vn/may-tinh-xach-tay/macbook-air-15-m5-2026-10cpu-10gpu-16gb-512gb?sku=00926579,https://cdn2.fptshop.com.vn/unsafe/macbook_air_15_m5_midnight_1_abeef30384.png,fpt,,,0.23076923076923067,0.0,0.25075528700906347,0.5,0.7083333333333337,0.5,0.48,0.1925,0.5,0.2652403846153846,0.3889254807692307,0.3781875,0.394358173076923,0.45833333333333326,0.3619619791666666,False,False,False,False,False,False,False
MacBook Air 15 M5 2026 10CPU/10GPU/16GB/512GB/35W,apple,Apple,m5,nan,nan,16,,,512.0,15.3,,nan,Apple,Apple M5 10-core GPU,Integrated,nan,18 hours,nan,18.0,33490000,nan,False,0,,In Stock,https://fptshop.com.vn/may-tinh-xach-tay/macbook-air-15-m5-2026-10cpu-10gpu-16gb-512gb?sku=00926578,https://cdn2.fptshop.com.vn/unsafe/macbook_air_15_m5_midnight_1_abeef30384.png,fpt,,,0.23076923076923067,0.0,0.25075528700906347,0.5,0.7083333333333337,0.5,0.48,0.1925,0.5,0.2652403846153846,0.3889254807692307,0.3781875,0.394358173076923,0.45833333333333326,0.3619619791666666,False,False,False,False,False,False,False
MacBook Air 15 M5 2026 10CPU/10GPU/16GB/512GB/35W,apple,Apple,m5,nan,nan,16,,,512.0,15.3,,nan,Apple,Apple M5 10-core GPU,Integrated,nan,18 hours,nan,18.0,33490000,nan,False,0,,In Stock,https://fptshop.com.vn/may-tinh-xach-tay/macbook-air-15-m5-2026-10cpu-10gpu-16gb-512gb?sku=00926576,https://cdn2.fptshop.com.vn/unsafe/macbook_air_15_m5_midnight_1_abeef30384.png,fpt,,,0.23076923076923067,0.0,0.25075528700906347,0.5,0.7083333333333337,0.5,0.48,0.1925,0.5,0.2652403846153846,0.3889254807692307,0.3781875,0.394358173076923,0.45833333333333326,0.3619619791666666,False,False,False,False,False,False,False
MacBook Air 15 M5 2026 10CPU/10GPU/16GB/512GB/35W,apple,Apple,m5,nan,nan,16,,,512.0,15.3,,nan,Apple,Apple M5 10-core GPU,Integrated,nan,18 hours,nan,18.0,33490000,nan,False,0,,In Stock,https://fptshop.com.vn/may-tinh-xach-tay/macbook-air-15-m5-2026-10cpu-10gpu-16gb-512gb?sku=00926577,https://cdn2.fptshop.com.vn/unsafe/macbook_air_15_m5_midnight_1_abeef30384.png,fpt,,,0.23076923076923067,0.0,0.25075528700906347,0.5,0.7083333333333337,0.5,0.48,0.1925,0.5,0.2652403846153846,0.3889254807692307,0.3781875,0.394358173076923,0.45833333333333326,0.3619619791666666,False,False,False,False,False,False,False
"Laptop MSI VenturePro 16 AI A1VEG-003VN Ultra7 155H/16GB/512GB/16"" 2K OLED/Nvidia GeForce RTX4050 6GB/Balo",msi,Intel,ultra 7,7.0,nan,16,,,512.0,16.0,,nan,NVIDIA,RTX 4050,Dedicated,nan,nan,nan,nan,35490000,nan,False,0,,In Stock,https://fptshop.com.vn/may-tinh-xach-tay/msi-venturepro-16-ai-a1veg-003vn-ultra7-155h?sku=00926562,https://cdn2.fptshop.com.vn/unsafe/msi_venturepro_16_black_logo_ai_bcfebf141b.png,fpt,,,0.23076923076923067,0.0,0.2809667673716012,0.5,1.0,0.5,0.66,0.5790000000000001,0.5,0.49316538461538467,0.5539067307692308,0.5455650000000001,0.4969244230769231,0.4,0.476223875,False,False,False,False,False,False,True
"Laptop Acer Gaming Nitro Lite 16 NL16-71G-56WQ i5 13420H/16GB/512GB/15.6""FHD+/RTX 3050 6GB/Win11",acer,nan,core i5,nan,nan,16,,,512.0,15.6,,nan,NVIDIA,RTX 3050,Dedicated,nan,nan,nan,nan,24490000,nan,False,0,,In Stock,https://fptshop.com.vn/may-tinh-xach-tay/acer-gaming-nitro-lite-16-nl16-71g-56wq-i5-13420h?sku=00917985,https://cdn2.fptshop.com.vn/unsafe/Acer_Gaming_Nitro_Lite_NL_16_71_G_1_b3452ff430.png,fpt,,,0.23076923076923067,0.0,0.1148036253776435,0.5,0.8333333333333333,0.5,0.64,0.341,0.5,0.38006538461538464,0.5136317307692307,0.500635,0.44602942307692306,0.43333333333333335,0.42040279166666666,False,False,False,False,False,False,True
MacBook Pro 14 M5 Pro 2026 15CPU/16GPU/24GB/2TB/70W,apple,Apple,m5 pro,nan,nan,24,,,2000.0,14.0,,nan,Apple,Apple M5 PRO 16-core GPU,Integrated,nan,22 hours,nan,22.0,70490000,nan,False,0,,In Stock,https://fptshop.com.vn/may-tinh-xach-tay/macbook-pro-14-m5-pro-2026-15cpu-16gpu-24gb-2tb?sku=00926605,https://cdn2.fptshop.com.vn/unsafe/macbook_pro_14_m5_pro_space_black_1_2b3d8ad534.png,fpt,,,0.6153846153846153,1.0,0.8096676737160121,0.5,0.1666666666666668,0.5,0.48,0.1925,0.5,0.42293269230769226,0.48604086538461533,0.4831875,0.4653197115384615,0.5666666666666667,0.4707536458333333,False,False,False,False,False,True,False
"Laptop Lenovo Gaming LOQ 15IPH11 U7 356H/AI/16GB/512GB/15.3""WUXGA 165Hz/RTX5060 8GB/Window 11 Home SL (83SL000LVN)",lenovo,Intel,ultra 7,7.0,nan,16,,,512.0,15.3,,nan,NVIDIA,RTX 5060,Dedicated,nan,nan,nan,nan,53990000,nan,False,0,,In Stock,https://fptshop.com.vn/may-tinh-xach-tay/lenovo-gaming-loq-15iph11-u7-356h-83sl000lvn?sku=00929023,https://cdn2.fptshop.com.vn/unsafe/00929023_lenovo_gaming_loq_15iph11_01_66fb2a266d.png,fpt,,,0.23076923076923067,0.0,0.5604229607250756,0.5,0.7083333333333337,0.5,0.64,0.5790000000000001,0.5,0.48716538461538467,0.5404067307692307,0.532765,0.49422442307692305,0.45833333333333326,0.4845755416666667,False,False,False,False,False,False,False
"Laptop MSI Modern 15 F13MG-667VN i5 1334U/16GB/512GB/15.6""FHD/Win11/Túi",msi,nan,core i5,nan,nan,16,,,512.0,15.6,,nan,Intel,Intel UHD,Integrated,nan,nan,nan,nan,17190000,nan,False,0,,In Stock,https://fptshop.com.vn/may-tinh-xach-tay/msi-modern-15-f13mg-667vn-i5-1334u?sku=00924033,https://cdn2.fptshop.com.vn/unsafe/msi_modern_15_f13mg_bac_01_47e7927c64.png,fpt,,,0.23076923076923067,0.0,0.004531722054380665,0.5,0.8333333333333333,0.5,0.48,0.341,0.5,0.3320653846153846,0.40563173076923076,0.398235,0.4244294230769231,0.43333333333333335,0.3938827916666667,False,False,False,False,False,False,True
"Laptop Lenovo Gaming Legion 5 15AHP11 R7-250/AI/16GB/512GB/15.3"" WQXGA OLED 165Hz/RTX5060/Win11 Office 2024 (83Q7001JVN)",lenovo,AMD,ryzen 7,7.0,nan,16,,,512.0,15.3,,nan,NVIDIA,RTX 5060,Dedicated,nan,nan,nan,nan,52990000,nan,False,0,,In Stock,https://fptshop.com.vn/may-tinh-xach-tay/lenovo-gaming-legion-5-15ahp11-r7-250-83q7001jvn?sku=00927910,https://cdn2.fptshop.com.vn/unsafe/lenovo_gaming_legion_5_15ahp11_black_01_23c781a788.png,fpt,,,0.23076923076923067,0.0,0.5453172205438066,0.5,0.7083333333333337,0.5,0.64,0.5790000000000001,0.5,0.48716538461538467,0.5404067307692307,0.532765,0.49422442307692305,0.45833333333333326,0.4845755416666667,False,False,False,False,False,False,False
MacBook Pro 16 M5 Pro 2026 18CPU/20GPU/24GB/1TB/140W,apple,Apple,m5 pro,nan,nan,24,,,1000.0,16.2,,nan,Apple,Apple M5 PRO 20-core GPU,Integrated,nan,24 hours,nan,24.0,71990000,nan,False,0,,In Stock,https://fptshop.com.vn/may-tinh-xach-tay/macbook-pro-16-m5-pro-2026-18cpu-20gpu-24gb-1tb?sku=00926619,https://cdn2.fptshop.com.vn/unsafe/macbook_pro_16_m5_pro_silver_1_66e42dbee8.png,fpt,,,0.6153846153846153,0.3279569892473118,0.8323262839879154,0.5,1.0,0.5,0.48,0.1925,0.5,0.35572839123242345,0.46923979011579814,0.46302620967741936,0.4350777760545905,0.4,0.40028993615591396,False,False,False,False,False,False,True
MacBook Pro 16 M5 Pro 2026 18CPU/20GPU/24GB/1TB/140W,apple,Apple,m5 pro,nan,nan,24,,,1000.0,16.2,,nan,Apple,Apple M5 PRO 20-core GPU,Integrated,nan,24 hours,nan,24.0,71990000,nan,False,0,,In Stock,https://fptshop.com.vn/may-tinh-xach-tay/macbook-pro-16-m5-pro-2026-18cpu-20gpu-24gb-1tb?sku=00926620,https://cdn2.fptshop.com.vn/unsafe/macbook_pro_16_m5_pro_silver_1_66e42dbee8.png,fpt,,,0.6153846153846153,0.3279569892473118,0.8323262839879154,0.5,1.0,0.5,0.48,0.1925,0.5,0.35572839123242345,0.46923979011579814,0.46302620967741936,0.4350777760545905,0.4,0.40028993615591396,False,False,False,False,False,False,True
"Laptop Dell Inspiron 15 3530 i7 1355U/16GB/1T/15.6""FHD/Win11/Office HS21",dell,nan,core i7,nan,nan,16,,,1000.0,15.6,,nan,Intel,Intel Iris Xe,Integrated,nan,nan,nan,nan,26490000,nan,False,0,,In Stock,https://fptshop.com.vn/may-tinh-xach-tay/dell-inspiron-15-3530-i7-1355u-p16wd?sku=00917873,https://cdn2.fptshop.com.vn/unsafe/dell_inspiron_15_3530_sliver_049b98a1a0.png,fpt,,,0.23076923076923067,0.3279569892473118,0.14501510574018128,0.5,0.8333333333333333,0.5,0.48,0.42900000000000005,0.5,0.4044610835401158,0.42373065550041356,0.41995370967741935,0.4570074875930521,0.43333333333333335,0.4338814153225806,False,False,False,False,False,False,True
MacBook Pro 16 M4 Pro 2024 14CPU/20GPU/24GB/512GB,apple,Apple,m4 pro,nan,nan,24,,,512.0,16.2,,nan,Apple,Apple M4 PRO 20-core GPU,Integrated,nan,24 hours,nan,24.0,62990000,nan,False,0,,In Stock,https://fptshop.com.vn/may-tinh-xach-tay/macbook-pro-m4-pro-16-2024-14cpu-20gpu-24gb-512gb?sku=00912927,https://cdn2.fptshop.com.vn/unsafe/macbook_pro_16_m4_pro_max_space_black_1_12ba6fd489.png,fpt,,,0.6153846153846153,0.0,0.6963746223564955,0.5,1.0,0.5,0.48,0.41800000000000004,0.5,0.4244076923076923,0.48640961538461536,0.48363,0.4659834615384615,0.4,0.43823525,False,False,False,False,False,False,True
MacBook Pro 16 M4 Pro 2024 14CPU/20GPU/24GB/512GB,apple,Apple,m4 pro,nan,nan,24,,,512.0,16.2,,nan,Apple,Apple M4 PRO 20-core GPU,Integrated,nan,24 hours,nan,24.0,62990000,nan,False,0,,In Stock,https://fptshop.com.vn/may-tinh-xach-tay/macbook-pro-m4-pro-16-2024-14cpu-20gpu-24gb-512gb?sku=00912926,https://cdn2.fptshop.com.vn/unsafe/macbook_pro_16_m4_pro_max_space_black_1_12ba6fd489.png,fpt,,,0.6153846153846153,0.0,0.6963746223564955,0.5,1.0,0.5,0.48,0.41800000000000004,0.5,0.4244076923076923,0.48640961538461536,0.48363,0.4659834615384615,0.4,0.43823525,False,False,False,False,False,False,True
"Laptop HP OmniBook 7 16-az0038TU Core 5-210H/24GB/512GB/16""/Win11/HS24 (C2CX1PA)",hp,Intel,core 5,nan,nan,24,,,512.0,16.0,,nan,Intel,Intel Graphics,Integrated,nan,nan,nan,nan,30390000,nan,False,0,,In Stock,https://fptshop.com.vn/may-tinh-xach-tay/hp-omnibook-7-16-az0038tu-core-5-210h-c2cx1pa?sku=00922647,https://cdn2.fptshop.com.vn/unsafe/hp_omnibook_7_16_az_silver_01_cb9e1f46c7.png,fpt,,,0.6153846153846153,0.0,0.2039274924471299,0.5,1.0,0.5,0.48,0.341,0.5,0.3897576923076923,0.47774711538461534,0.473235,0.4503909615384615,0.4,0.41909112499999995,False,False,False,False,False,False,True
"Laptop HP OmniBook X Flip 14-fk0092AU AMD AI 5 340/16GB/512GB/14""Touch/Pen/Win11/HS24 (BZ7P5PA)",hp,AMD,ryzen ai 5,5.0,nan,16,,,512.0,14.0,,nan,AMD,Radeon 840M,Integrated,nan,nan,nan,nan,30690000,nan,False,0,,In Stock,https://fptshop.com.vn/may-tinh-xach-tay/hp-omnibook-x-flip-14-fk0092au-amd-ai-5-340-bz7p5pa?sku=00922644,https://cdn2.fptshop.com.vn/unsafe/00922644_hp_omnibook_x_flip_14_bac_01_3d7f73d1aa.png,fpt,,,0.23076923076923067,0.0,0.2084592145015106,0.5,0.1666666666666668,0.5,0.48,0.29964285714285716,0.5,0.31345467032967034,0.40097905219780217,0.3926517857142857,0.4160546016483516,0.5666666666666667,0.4102670386904762,False,False,False,False,False,True,False
"Laptop HP OmniBook 7 16-az0043TU Core 7-240H/32GB/512GB/16""/Win11/HS24 (C2CX3PA)",hp,Intel,core 7,nan,nan,32,,,512.0,16.0,,nan,Intel,Intel Graphics,Integrated,nan,nan,nan,nan,36490000,nan,False,0,,In Stock,https://fptshop.com.vn/may-tinh-xach-tay/hp-omnibook-7-16-az0043tu-core-7-240h-c2cx3pa?sku=00922646,https://cdn2.fptshop.com.vn/unsafe/hp_omnibook_7_16_az_silver_01_cb9e1f46c7.png,fpt,,,1.0,0.0,0.29607250755287007,0.5,1.0,0.5,0.48,0.42900000000000005,0.5,0.48705,0.5597624999999999,0.560115,0.4941725,0.4,0.47284512500000003,False,False,False,False,False,False,True
"Laptop HP 14-ep1137TU U7-155H/AI/16GB/512GB/14"" FHD/Win11_C2CY8PA",hp,Intel,core ultra 7,7.0,nan,16,,,512.0,14.0,,nan,Intel,Intel Graphics,Integrated,nan,nan,nan,nan,24890000,nan,False,0,,In Stock,https://fptshop.com.vn/may-tinh-xach-tay/hp-14-ep1137tu-ultra-7-155h?sku=00922872,https://cdn2.fptshop.com.vn/unsafe/00922872_hp_14_ep1137tu_c2cy8pa_bac_01_50fa821a15.png,fpt,,,0.23076923076923067,0.0,0.12084592145015106,0.5,0.1666666666666668,0.5,0.48,0.5790000000000001,0.5,0.4391653846153847,0.43240673076923075,0.430365,0.4726244230769231,0.5666666666666667,0.4797222083333334,False,False,False,False,False,True,False
"Laptop Asus Vivobook 15 X1502VA-BQ886W i7-13620H/16GB/512GB/15.6"" FHD/Win11",asus,Intel,i7-13620h,13.0,nan,16,,,512.0,15.6,,nan,Intel,Intel UHD,Integrated,nan,nan,nan,nan,21490000,nan,False,0,,In Stock,https://fptshop.com.vn/may-tinh-xach-tay/asus-vivobook-15-x1502va-bq886w-i7-13620h?sku=00917721,https://cdn2.fptshop.com.vn/unsafe/Asus_Vivobook_15_X1502_1_34e1fbb62d.jpg,fpt,,,0.23076923076923067,0.0,0.06948640483383686,0.5,0.8333333333333333,0.5,0.48,0.7075714285714286,0.5,0.4970225274725275,0.44687101648351646,0.44772214285714285,0.49866013736263737,0.43333333333333335,0.4850216130952381,False,False,False,False,False,False,True
"Laptop Asus ExpertBook P3 G2 PM3406CHA-LY0089W R7 8840HS/AI/16GB/512GB/14""WUXGA/Win11",asus,AMD,ryzen 7,7.0,nan,16,,,512.0,14.0,,nan,AMD,Radeon 780M,Integrated,nan,nan,nan,nan,29490000,nan,False,0,,In Stock,https://fptshop.com.vn/may-tinh-xach-tay/asus-expertbook-p3-g2-pm3406cha-ly0089w-r7-8840hs?sku=00929016,https://cdn2.fptshop.com.vn/unsafe/asus_expertbook_p3_g2_pm3406_01_logo_ai_389cba58ec.png,fpt,,,0.23076923076923067,0.0,0.1903323262839879,0.5,0.1666666666666668,0.5,0.48,0.5790000000000001,0.5,0.4391653846153847,0.43240673076923075,0.430365,0.4726244230769231,0.5666666666666667,0.4797222083333334,False,False,False,False,False,True,False
MacBook Air 15 M5 2026 10CPU/10GPU/24GB/512GB/70W,apple,Apple,m5,nan,nan,24,,,512.0,15.3,,nan,Apple,Apple M5 10-core GPU,Integrated,nan,nan,nan,nan,39990000,nan,False,0,,In Stock,https://fptshop.com.vn/may-tinh-xach-tay/macbook-air-15-m5-2026-10cpu-10gpu-24gb-512gb-70w?sku=00927011,https://cdn2.fptshop.com.vn/unsafe/macbook_air_15_m5_silver_1_4db9cbea9c.png,fpt,,,0.6153846153846153,0.0,0.34894259818731116,0.5,0.7083333333333337,0.5,0.48,0.1925,0.5,0.3229326923076923,0.46104086538461536,0.4531875,0.4203197115384615,0.45833333333333326,0.3938369791666666,False,False,False,False,False,False,False
MacBook Air 15 M5 2026 10CPU/10GPU/24GB/512GB/70W,apple,Apple,m5,nan,nan,24,,,512.0,15.3,,nan,Apple,Apple M5 10-core GPU,Integrated,nan,nan,nan,nan,39990000,nan,False,0,,In Stock,https://fptshop.com.vn/may-tinh-xach-tay/macbook-air-15-m5-2026-10cpu-10gpu-24gb-512gb-70w?sku=00927014,https://cdn2.fptshop.com.vn/unsafe/macbook_air_15_m5_silver_1_4db9cbea9c.png,fpt,,,0.6153846153846153,0.0,0.34894259818731116,0.5,0.7083333333333337,0.5,0.48,0.1925,0.5,0.3229326923076923,0.46104086538461536,0.4531875,0.4203197115384615,0.45833333333333326,0.3938369791666666,False,False,False,False,False,False,False
MacBook Air 15 M5 2026 10CPU/10GPU/24GB/512GB/70W,apple,Apple,m5,nan,nan,24,,,512.0,15.3,,nan,Apple,Apple M5 10-core GPU,Integrated,nan,nan,nan,nan,39990000,nan,False,0,,In Stock,https://fptshop.com.vn/may-tinh-xach-tay/macbook-air-15-m5-2026-10cpu-10gpu-24gb-512gb-70w?sku=00927012,https://cdn2.fptshop.com.vn/unsafe/macbook_air_15_m5_silver_1_4db9cbea9c.png,fpt,,,0.6153846153846153,0.0,0.34894259818731116,0.5,0.7083333333333337,0.5,0.48,0.1925,0.5,0.3229326923076923,0.46104086538461536,0.4531875,0.4203197115384615,0.45833333333333326,0.3938369791666666,False,False,False,False,False,False,False
MacBook Air 15 M5 2026 10CPU/10GPU/24GB/512GB/70W,apple,Apple,m5,nan,nan,24,,,512.0,15.3,,nan,Apple,Apple M5 10-core GPU,Integrated,nan,nan,nan,nan,39990000,nan,False,0,,In Stock,https://fptshop.com.vn/may-tinh-xach-tay/macbook-air-15-m5-2026-10cpu-10gpu-24gb-512gb-70w?sku=00927013,https://cdn2.fptshop.com.vn/unsafe/macbook_air_15_m5_silver_1_4db9cbea9c.png,fpt,,,0.6153846153846153,0.0,0.34894259818731116,0.5,0.7083333333333337,0.5,0.48,0.1925,0.5,0.3229326923076923,0.46104086538461536,0.4531875,0.4203197115384615,0.45833333333333326,0.3938369791666666,False,False,False,False,False,False,False
"Laptop Dell Inspiron 14 5441 X1P-64-100/AI/16GB/512GB/14""FHD+/Win11/Office HS24",dell,Qualcomm,x1p-64-100,nan,nan,16,,,512.0,14.0,,nan,Qualcomm,Qualcomm Adreno,Integrated,nan,nan,nan,nan,30490000,nan,False,0,,In Stock,https://fptshop.com.vn/may-tinh-xach-tay/dell-inspiron-14-5441-x1p-64-100-5mnk1?sku=00918054,https://cdn2.fptshop.com.vn/unsafe/00918054_dell_inspiron_14_5441_1_f77fa23935.png,fpt,,,0.23076923076923067,0.0,0.2054380664652568,0.5,0.1666666666666668,0.5,0.45,0.1925,0.5,0.2562403846153846,0.3686754807692308,0.3589875,0.3903081730769231,0.5666666666666667,0.37865614583333335,False,False,False,False,False,True,False
"Laptop Dell 15 DC15250 i5-1334U/16GB/512GB/15.6""FHD/Win11/Office Home 2024",dell,Intel,i5-1334u,13.0,nan,16,,,512.0,15.6,,nan,Intel,Intel UHD,Integrated,nan,nan,nan,nan,22990000,nan,False,0,,In Stock,https://fptshop.com.vn/may-tinh-xach-tay/dell-15-dc15250-i5-1334u-i5u165w11slu-5?sku=00924931,https://cdn2.fptshop.com.vn/unsafe/dell_15_dc15250_silver_01_050bd1cfe2.png,fpt,,,0.23076923076923067,0.0,0.09214501510574018,0.5,0.8333333333333333,0.5,0.48,0.6195714285714287,0.5,0.45742252747252754,0.43697101648351644,0.43584214285714284,0.4808401373626374,0.43333333333333335,0.46314261309523813,False,False,False,False,False,False,True
"Laptop Gigabyte Gaming A16 CWHI3VN864SH i7 13620H/32GB/1TB/16""FHD/RTX 5070 8GB/Win11",gigabyte,nan,core i7,nan,nan,32,,,1000.0,16.0,,nan,NVIDIA,RTX 5070,Dedicated,nan,76 Wh,76.0,nan,40990000,nan,False,0,,In Stock,https://fptshop.com.vn/may-tinh-xach-tay/gigabyte-gaming-a16-cwhi3vn864sh-i7-13620h?sku=00922474,https://cdn2.fptshop.com.vn/unsafe/gigabyte_gaming_a16_1_60109e9879.png,fpt,,,1.0,0.3279569892473118,0.3640483383685801,0.5,1.0,1.0,0.64,0.42900000000000005,1.0,0.5678456989247312,0.6759614247311828,0.6723537096774194,0.630530564516129,0.575,0.5974847486559139,True,True,True,False,False,False,True
"Laptop MSI Venture A16 AI+ A3HMG-017VN Ryzen AI 7 350/16GB/512GB/16""2K OLED/Win11_Túi",msi,AMD,ryzen ai 7,7.0,nan,16,,,512.0,16.0,,nan,AMD,Radeon 860M,Integrated,nan,nan,nan,nan,27990000,nan,False,0,,In Stock,https://fptshop.com.vn/may-tinh-xach-tay/msi-venture-a16-ai-a3hmg-017vn-ryzen-ai-7-350?sku=00918521,https://cdn2.fptshop.com.vn/unsafe/00918521_msi_venture_a16_ai_plus_a3hmg_017vn_den_1_be5f9f0b5c.png,fpt,,,0.23076923076923067,0.0,0.16767371601208458,0.5,1.0,0.5,0.48,0.3425,0.5,0.3327403846153846,0.4058004807692307,0.3984375,0.42473317307692304,0.4,0.38758906249999997,False,False,False,False,False,False,True
MacBook Pro 14 M5 2025 10CPU/10GPU/24GB/1TB,apple,Apple,m5,nan,nan,24,,,1000.0,14.2,,nan,Apple,Apple M5 10-core GPU,Integrated,nan,24 hours,nan,24.0,49490000,nan,False,0,,In Stock,https://fptshop.com.vn/may-tinh-xach-tay/macbook-pro-14-m5-2025-10cpu-10gpu-24gb-1tb?sku=00922901,https://cdn2.fptshop.com.vn/unsafe/macbook_pro_14_m5_2025_bac_1_f121a47038.jpg,fpt,,,0.6153846153846153,0.3279569892473118,0.49244712990936557,0.5,0.2499999999999998,0.5,0.48,0.1925,0.5,0.35572839123242345,0.46923979011579814,0.46302620967741936,0.4350777760545905,0.55,0.43028993615591393,False,False,False,False,False,False,False
MacBook Pro 14 M5 2025 10CPU/10GPU/24GB/1TB,apple,Apple,m5,nan,nan,24,,,1000.0,14.2,,nan,Apple,Apple M5 10-core GPU,Integrated,nan,24 hours,nan,24.0,49490000,nan,False,0,,In Stock,https://fptshop.com.vn/may-tinh-xach-tay/macbook-pro-14-m5-2025-10cpu-10gpu-24gb-1tb?sku=00922902,https://cdn2.fptshop.com.vn/unsafe/macbook_pro_14_m5_2025_bac_1_f121a47038.jpg,fpt,,,0.6153846153846153,0.3279569892473118,0.49244712990936557,0.5,0.2499999999999998,0.5,0.48,0.1925,0.5,0.35572839123242345,0.46923979011579814,0.46302620967741936,0.4350777760545905,0.55,0.43028993615591393,False,False,False,False,False,False,False
Laptop Lenovo Gaming Legion 5 15IPH11 U7-356H/AI/16GB/512GB/15.3WQXGA OLED 165Hz/RTX5060/W11SL Office2024 (83RW0023VN),lenovo,Intel,ultra 7,7.0,nan,16,,,512.0,15.3,,nan,NVIDIA,RTX 5060,Dedicated,nan,nan,nan,nan,58990000,nan,False,0,,In Stock,https://fptshop.com.vn/may-tinh-xach-tay/lenovo-gaming-legion-5-15iph11-u7-356h-83rw0023vn?sku=00927909,https://cdn2.fptshop.com.vn/unsafe/lenovo_gaming_legion_5_15iph11_black_01_34249080f0.png,fpt,,,0.23076923076923067,0.0,0.6359516616314199,0.5,0.7083333333333337,0.5,0.64,0.5790000000000001,0.5,0.48716538461538467,0.5404067307692307,0.532765,0.49422442307692305,0.45833333333333326,0.4845755416666667,False,False,False,False,False,False,False
"Laptop Lenovo IdeaPad 5 2-in-1 14IPH11 U7-355/AI/16GB/512GB/14""WUXGAT Cảm ứng/W11SL (83UG0027VN)",lenovo,Intel,ultra 7,7.0,nan,16,,,512.0,14.0,,nan,Intel,Intel Graphics,Integrated,nan,nan,nan,nan,35690000,nan,False,0,,In Stock,https://fptshop.com.vn/may-tinh-xach-tay/lenovo-ideapad-5-2-in-1-14iph11-u7-355-83ug0027vn?sku=00927912,https://cdn2.fptshop.com.vn/unsafe/lenovo_ideapad_5_2_in_1_14iph11_xam_01_51ae543321.png,fpt,,,0.23076923076923067,0.0,0.283987915407855,0.5,0.1666666666666668,0.5,0.48,0.5790000000000001,0.5,0.4391653846153847,0.43240673076923075,0.430365,0.4726244230769231,0.5666666666666667,0.4797222083333334,False,False,False,False,False,True,False
MacBook Pro 14 inch M5 2025 10CPU/10GPU/24GB/1TB 96W,apple,Apple,m5,nan,nan,24,,,1000.0,14.2,,nan,Apple,Apple M5 10-core GPU,Integrated,nan,24 hours,nan,24.0,49990000,nan,False,0,,In Stock,https://fptshop.com.vn/may-tinh-xach-tay/macbook-pro-14-inch-m5-2025-10cpu-10gpu-24gb-1tb-96w?sku=00925842,https://cdn2.fptshop.com.vn/unsafe/macbook_pro_14_m5_2025_bac_1_f121a47038.jpg,fpt,,,0.6153846153846153,0.3279569892473118,0.5,0.5,0.2499999999999998,0.5,0.48,0.1925,0.5,0.35572839123242345,0.46923979011579814,0.46302620967741936,0.4350777760545905,0.55,0.43028993615591393,False,False,False,False,False,False,False
Laptop Lenovo V15 G5 IRL i5 13420H/8GB/512GB/15.6FHD/Win11 (83HF00BVVN),lenovo,nan,core i5,nan,nan,8,,,512.0,15.6,,nan,Intel,Intel Arc Graphics,Integrated,nan,nan,nan,nan,17990000,nan,False,0,,In Stock,https://fptshop.com.vn/may-tinh-xach-tay/lenovo-v15-g5-irl-i5-13420h-83hf00bvvn?sku=00926664,https://cdn2.fptshop.com.vn/unsafe/lenovo_v15_g5_xam_01_555b029cef.png,fpt,,,0.0,0.0,0.01661631419939577,0.5,0.8333333333333333,0.5,0.48,0.341,0.5,0.29745,0.3623625,0.353235,0.40885249999999995,0.43333333333333335,0.3747577916666667,False,False,False,False,False,False,True
MacBook Pro 14 inch M5 2025 10CPU/10GPU/24GB/1TB 96W,apple,Apple,m5,nan,nan,24,,,1000.0,14.2,,nan,Apple,Apple M5 10-core GPU,Integrated,nan,24 hours,nan,24.0,49990000,nan,False,0,,In Stock,https://fptshop.com.vn/may-tinh-xach-tay/macbook-pro-14-inch-m5-2025-10cpu-10gpu-24gb-1tb-96w?sku=00925843,https://cdn2.fptshop.com.vn/unsafe/macbook_pro_14_m5_2025_bac_1_f121a47038.jpg,fpt,,,0.6153846153846153,0.3279569892473118,0.5,0.5,0.2499999999999998,0.5,0.48,0.1925,0.5,0.35572839123242345,0.46923979011579814,0.46302620967741936,0.4350777760545905,0.55,0.43028993615591393,False,False,False,False,False,False,False
MacBook Pro 14 M5 2026 10CPU/10GPU/32GB/2TB/Nano/96W,apple,Apple,m5,nan,nan,32,,,2000.0,14.0,,nan,Apple,Apple M5 10-core GPU,Integrated,nan,nan,nan,nan,70990000,nan,False,0,,In Stock,https://fptshop.com.vn/may-tinh-xach-tay/macbook-pro-14-m5-2026-10cpu-10gpu-32gb-2tb-nano-96w?sku=00926982,https://cdn2.fptshop.com.vn/unsafe/macbook_pro_14_m5_2025_den_1_c0818fdf94.jpg,fpt,,,1.0,1.0,0.8172205438066465,0.5,0.1666666666666668,0.5,0.48,0.1925,0.5,0.48062499999999997,0.55815625,0.5581875000000001,0.49128125,0.5666666666666667,0.5026286458333333,False,False,False,False,False,True,False
MacBook Pro 14 M5 2026 10CPU/10GPU/32GB/2TB/Nano/96W,apple,Apple,m5,nan,nan,32,,,2000.0,14.0,,nan,Apple,Apple M5 10-core GPU,Integrated,nan,nan,nan,nan,70990000,nan,False,0,,In Stock,https://fptshop.com.vn/may-tinh-xach-tay/macbook-pro-14-m5-2026-10cpu-10gpu-32gb-2tb-nano-96w?sku=00926981,https://cdn2.fptshop.com.vn/unsafe/macbook_pro_14_m5_2025_den_1_c0818fdf94.jpg,fpt,,,1.0,1.0,0.8172205438066465,0.5,0.1666666666666668,0.5,0.48,0.1925,0.5,0.48062499999999997,0.55815625,0.5581875000000001,0.49128125,0.5666666666666667,0.5026286458333333,False,False,False,False,False,True,False
"Laptop Asus ExpertBook P3 G2 PM3606CHA-MB0082W R7 8840HS/AI/16GB/512GB/16"" WUXGA/Win11",asus,AMD,ryzen 7,7.0,nan,16,,,512.0,16.0,,nan,AMD,Radeon 780M,Integrated,nan,nan,nan,nan,29490000,nan,False,0,,In Stock,https://fptshop.com.vn/may-tinh-xach-tay/asus-expertbook-p3-g2-pm3606cha-mb0082w-r7-8840hs?sku=00929015,https://cdn2.fptshop.com.vn/unsafe/asus_expertbook_p3_g2_pm3606_logo_ai_e9cb12c9fe.png,fpt,,,0.23076923076923067,0.0,0.1903323262839879,0.5,1.0,0.5,0.48,0.5790000000000001,0.5,0.4391653846153847,0.43240673076923075,0.430365,0.4726244230769231,0.4,0.4463888750000001,False,False,False,False,False,False,True
"Laptop MSI Gaming Cyborg 15 AI A1VEK-245VN Ultra 5 135H/16GB/512GB/15.6""FHD/Nvidia GeForce RTX4050 6GB/Win11+Balo",msi,Intel,core ultra 5,5.0,nan,16,,,512.0,16.0,,nan,NVIDIA,RTX 4050,Dedicated,nan,nan,nan,nan,25490000,nan,False,0,,In Stock,https://fptshop.com.vn/may-tinh-xach-tay/msi-gaming-cyborg-15-ai-a1vek-245vn-ultra-5-135h?sku=00923427,https://cdn2.fptshop.com.vn/unsafe/00923427_msi_cyborg_15_ai_a1v_01_443f61392e.png,fpt,,,0.23076923076923067,0.0,0.1299093655589124,0.5,1.0,0.5,0.64,0.4481428571428572,0.5,0.42827967032967035,0.5256853021978022,0.5150992857142858,0.4677258516483517,0.4,0.4403745178571429,False,False,False,False,False,False,True
MacBook Pro 14 M5 2026 10CPU/10GPU/32GB/2TB/96W,apple,Apple,m5,nan,nan,32,,,2000.0,14.0,,nan,Apple,Apple M5 10-core GPU,Integrated,nan,nan,nan,nan,66990000,nan,False,0,,In Stock,https://fptshop.com.vn/may-tinh-xach-tay/macbook-pro-14-m5-2026-10cpu-10gpu-32gb-2tb-96w?sku=00926983,https://cdn2.fptshop.com.vn/unsafe/macbook_pro_14_m5_2025_den_1_c0818fdf94.jpg,fpt,,,1.0,1.0,0.756797583081571,0.5,0.1666666666666668,0.5,0.48,0.1925,0.5,0.48062499999999997,0.55815625,0.5581875000000001,0.49128125,0.5666666666666667,0.5026286458333333,False,False,False,False,False,True,False
MacBook Pro 14 M5 2026 10CPU/10GPU/32GB/2TB/96W,apple,Apple,m5,nan,nan,32,,,2000.0,14.0,,nan,Apple,Apple M5 10-core GPU,Integrated,nan,nan,nan,nan,66990000,nan,False,0,,In Stock,https://fptshop.com.vn/may-tinh-xach-tay/macbook-pro-14-m5-2026-10cpu-10gpu-32gb-2tb-96w?sku=00926984,https://cdn2.fptshop.com.vn/unsafe/macbook_pro_14_m5_2025_den_1_c0818fdf94.jpg,fpt,,,1.0,1.0,0.756797583081571,0.5,0.1666666666666668,0.5,0.48,0.1925,0.5,0.48062499999999997,0.55815625,0.5581875000000001,0.49128125,0.5666666666666667,0.5026286458333333,False,False,False,False,False,True,False
"Laptop Dell Latitude 3450 i7 1355U/16GB/512GB/14"" FHD/Win11",dell,nan,core i7,nan,nan,16,,,512.0,14.0,,nan,Intel,Intel Iris Xe,Integrated,nan,nan,nan,nan,25490000,nan,False,0,,In Stock,https://fptshop.com.vn/may-tinh-xach-tay/dell-latitude-3450-i7-1355u-16512w?sku=00920149,https://cdn2.fptshop.com.vn/unsafe/dell_latitude_3450_den_2_280b5022cd.jpg,fpt,,,0.23076923076923067,0.0,0.1299093655589124,0.5,0.1666666666666668,0.5,0.48,0.42900000000000005,0.5,0.3716653846153846,0.4155317307692307,0.410115,0.44224942307692305,0.5666666666666667,0.44242845833333333,False,False,False,False,False,True,False
"Laptop Asus TUF Gaming F16 FX608JMI-TU241W i7-14650HX/AI/16GB/512GB/16""/GeForce RTX5060 8G/Win11",asus,Intel,i7-14650hx,14.0,nan,16,,,512.0,16.0,,nan,NVIDIA,RTX 5060,Dedicated,nan,nan,nan,nan,42990000,nan,False,0,,In Stock,https://fptshop.com.vn/may-tinh-xach-tay/asus-tuf-gaming-f16-fx608jmi-tu241w-i7-14650hx?sku=00927042,https://cdn2.fptshop.com.vn/unsafe/asus_tuf_gaming_f16_fx608jmi_gray_logo_ai_110681e83c.png,fpt,,,0.23076923076923067,0.0,0.3942598187311178,0.5,1.0,0.5,0.64,0.7290000000000001,0.5,0.5546653846153847,0.5572817307692308,0.553015,0.5245994230769231,0.4,0.510202625,False,False,False,False,False,False,True
"Laptop Dell 15 DC15250 i5 1334U/16GB/512GB/15.6""FHD/Win11/Office Home 2024/Microsoft 365",dell,nan,core i5,nan,nan,16,,,512.0,15.6,,nan,Intel,Intel UHD,Integrated,nan,nan,nan,nan,22990000,nan,False,0,,In Stock,https://fptshop.com.vn/may-tinh-xach-tay/dell-15-dc15250-i5-1334u-71071928?sku=00922300,https://cdn2.fptshop.com.vn/unsafe/dell_15_dc15250_silver_01_050bd1cfe2.png,fpt,,,0.23076923076923067,0.0,0.09214501510574018,0.5,0.8333333333333333,0.5,0.48,0.341,0.5,0.3320653846153846,0.40563173076923076,0.398235,0.4244294230769231,0.43333333333333335,0.3938827916666667,False,False,False,False,False,False,True
MacBook Pro 14 M5 2026 10CPU/10GPU/24GB/1TB/Nano/96W,apple,Apple,m5,nan,nan,24,,,1000.0,14.0,,nan,Apple,Apple M5 10-core GPU,Integrated,nan,nan,nan,nan,54490000,nan,False,0,,In Stock,https://fptshop.com.vn/may-tinh-xach-tay/macbook-pro-14-m5-2026-10cpu-10gpu-24gb-1tb-nano-96w?sku=00927195,https://cdn2.fptshop.com.vn/unsafe/macbook_pro_14_m5_2025_bac_1_f121a47038.jpg,fpt,,,0.6153846153846153,0.3279569892473118,0.56797583081571,0.5,0.1666666666666668,0.5,0.48,0.1925,0.5,0.35572839123242345,0.46923979011579814,0.46302620967741936,0.4350777760545905,0.5666666666666667,0.4336232694892473,False,False,False,False,False,True,False
"Laptop Gigabyte Gaming G6X 9MG i7 13650HX/16GB/512GB/16""FHD+/RTX4050 6GB/Win 11",gigabyte,nan,core i7,nan,nan,16,,,512.0,16.0,,nan,NVIDIA,RTX 4050,Dedicated,nan,nan,nan,nan,26990000,nan,False,0,,In Stock,https://fptshop.com.vn/may-tinh-xach-tay/gigabyte-gaming-g6x-9mg-i7-13650hx-9rc6l9mghsiix1vn000?sku=00920958,https://cdn2.fptshop.com.vn/unsafe/gigabyte_gaming_g6x_9mg_01_88f2cf665a.png,fpt,,,0.23076923076923067,0.0,0.15256797583081572,0.5,1.0,0.5,0.64,0.42900000000000005,0.5,0.4196653846153846,0.5235317307692308,0.512515,0.463849423076923,0.4,0.43561512499999994,False,False,False,False,False,False,True
MacBook Pro 14 M5 2026 10CPU/10GPU/24GB/1TB/Nano/96W,apple,Apple,m5,nan,nan,24,,,1000.0,14.0,,nan,Apple,Apple M5 10-core GPU,Integrated,nan,nan,nan,nan,54490000,nan,False,0,,In Stock,https://fptshop.com.vn/may-tinh-xach-tay/macbook-pro-14-m5-2026-10cpu-10gpu-24gb-1tb-nano-96w?sku=00927196,https://cdn2.fptshop.com.vn/unsafe/macbook_pro_14_m5_2025_bac_1_f121a47038.jpg,fpt,,,0.6153846153846153,0.3279569892473118,0.56797583081571,0.5,0.1666666666666668,0.5,0.48,0.1925,0.5,0.35572839123242345,0.46923979011579814,0.46302620967741936,0.4350777760545905,0.5666666666666667,0.4336232694892473,False,False,False,False,False,True,False
MacBook Air 15 M5 2026 10CPU/10GPU/32GB/1TB/70W,apple,Apple,m5,nan,nan,32,,,1000.0,15.3,,nan,Apple,Apple M5 10-core GPU,Integrated,nan,nan,nan,nan,50990000,nan,False,0,,In Stock,https://fptshop.com.vn/may-tinh-xach-tay/macbook-air-15-m5-2026-10cpu-10gpu-32gb-1tb-70w?sku=00927010,https://cdn2.fptshop.com.vn/unsafe/macbook_air_15_m5_sky_blue_1_cd626ebb31.png,fpt,,,1.0,0.3279569892473118,0.5151057401812689,0.5,0.7083333333333337,0.5,0.48,0.1925,0.5,0.41342069892473116,0.5413551747311828,0.5380262096774193,0.461039314516129,0.45833333333333326,0.4438316028225806,False,False,False,False,False,False,False
"Laptop Dell Inspiron 14 5441 X1-26-100/AI/16GB/512GB/14.0""FHD+/Win11/Office Home 2024/Microsoft 365",dell,Qualcomm,x1-26-100,nan,nan,16,,,512.0,14.0,,nan,nan,nan,nan,nan,nan,nan,nan,27990000,nan,False,0,,In Stock,https://fptshop.com.vn/may-tinh-xach-tay/dell-inspiron-14-5441-x1-26-100-71069158?sku=00923425,https://cdn2.fptshop.com.vn/unsafe/00923425_dell_inspiron_14_5441_xam_01_c394ea30bc.png,fpt,,,0.23076923076923067,0.0,0.16767371601208458,0.5,0.1666666666666668,0.5,0.45,0.1925,0.5,0.2562403846153846,0.3686754807692308,0.3589875,0.3903081730769231,0.5666666666666667,0.37865614583333335,False,False,False,False,False,True,False
"Laptop Asus TUF Gaming F16 FX608JPR-RV044W i7-14650HX /AI/16GB/1TB/16"" FHD+/RTX 5070 8GB/Win11",asus,Intel,i7-14650hx,14.0,nan,16,,,1000.0,16.0,,nan,NVIDIA,RTX 5070,Dedicated,nan,nan,nan,nan,43990000,nan,False,0,,In Stock,https://fptshop.com.vn/may-tinh-xach-tay/asus-tuf-gaming-f16-fx608jpr-rv044w-i7-14650hx?sku=00920147,https://cdn2.fptshop.com.vn/unsafe/00920147_asus_tuf_gaming_f16_fx608jp_01_645ab9ba6b.png,fpt,,,0.23076923076923067,0.3279569892473118,0.4093655589123867,0.5,1.0,0.5,0.64,0.7290000000000001,0.5,0.587461083540116,0.5654806555004136,0.5628537096774194,0.5393574875930521,0.4,0.528322248655914,False,False,False,False,False,False,True
"Laptop Lenovo IdeaPad Slim 5 14IPH11 U5 322/AI/32GB/512GB/14""WUXGA OLED/Window 11 Home SL (83S5000CVN)",lenovo,Intel,ultra 5,5.0,nan,32,,,512.0,14.0,,nan,Intel,Intel Graphics,Integrated,nan,nan,nan,nan,37990000,nan,False,0,,In Stock,https://fptshop.com.vn/may-tinh-xach-tay/lenovo-ideapad-slim-5-14iph11-u5-322-83s5000cvn?sku=00929025,https://cdn2.fptshop.com.vn/unsafe/00929025_lenovo_ideapad_slim_5_14iph11_01_835420e2fa.png,fpt,,,1.0,0.0,0.3187311178247734,0.5,0.1666666666666668,0.5,0.48,0.4481428571428572,0.5,0.4956642857142858,0.5619160714285715,0.5626992857142857,0.4980489285714286,0.5666666666666667,0.5109378511904763,False,False,False,False,False,True,False
"Laptop Lenovo Gaming Legion 5 15IRX10 i7-13650HX/AI/16GB/512GB/15.3"" WUXGA/RTX 5060 8GB/Win 11",lenovo,Intel,i7-13650hx,13.0,nan,16,,,512.0,15.3,,nan,NVIDIA,RTX 5060,Dedicated,nan,nan,nan,nan,46990000,nan,False,0,,In Stock,https://fptshop.com.vn/may-tinh-xach-tay/lenovo-legion-5-15irx10-i7-13650hx-83ly00hqvn?sku=00922834,https://cdn2.fptshop.com.vn/unsafe/00920928_lenovo_gaming_legion_5_15ahp10_black_01_2f51bbc45c.png,fpt,,,0.23076923076923067,0.0,0.45468277945619334,0.5,0.7083333333333337,0.5,0.7,0.7075714285714286,0.5,0.5630225274725275,0.5953710164835164,0.5885221428571429,0.5283601373626373,0.45833333333333326,0.526486613095238,False,False,False,False,False,False,False
"Laptop LG GramBook 15U50T-G.AV56A5 i5 1334U/16GB/512GB/15.6""FHD/Win11",lg,nan,core i5,nan,nan,16,,,512.0,15.6,,nan,Intel,Intel Iris Xe,Integrated,nan,nan,nan,nan,16490000,nan,False,0,,In Stock,https://fptshop.com.vn/may-tinh-xach-tay/lg-grambook-15u50t-gav56a5-i5-1334u?sku=00921206,https://cdn2.fptshop.com.vn/unsafe/lg_grambook_eba0fa7b34.png,fpt,,,0.23076923076923067,0.0,0.0,0.5,0.8333333333333333,0.5,0.48,0.341,0.5,0.3320653846153846,0.40563173076923076,0.398235,0.4244294230769231,0.43333333333333335,0.3938827916666667,False,False,False,False,False,False,True
"Laptop Dell 15 DC15250 i5-1334U/16GB/512GB/15.6""FHD/Win11/Office Home 2024",dell,Intel,i5-1334u,13.0,nan,16,,,512.0,15.6,,nan,Intel,Intel UHD,Integrated,nan,nan,nan,nan,22990000,nan,False,0,,In Stock,https://fptshop.com.vn/may-tinh-xach-tay/dell-15-dc15250-i5-1334u-i5u165w11slu?sku=00923723,https://cdn2.fptshop.com.vn/unsafe/dell_15_dc15250_silver_01_050bd1cfe2.png,fpt,,,0.23076923076923067,0.0,0.09214501510574018,0.5,0.8333333333333333,0.5,0.48,0.6195714285714287,0.5,0.45742252747252754,0.43697101648351644,0.43584214285714284,0.4808401373626374,0.43333333333333335,0.46314261309523813,False,False,False,False,False,False,True
MacBook Pro 14 M5 2026 10CPU/10GPU/32GB/4TB/96W,apple,Apple,m5,nan,nan,32,,,4000.0,14.0,,nan,Apple,Apple M5 10-core GPU,Integrated,nan,nan,nan,nan,83490000,nan,False,0,,In Stock,https://fptshop.com.vn/may-tinh-xach-tay/macbook-pro-14-m5-2026-10cpu-10gpu-32gb-4tb-96w?sku=00926980,https://cdn2.fptshop.com.vn/unsafe/macbook_pro_14_m5_2025_den_1_c0818fdf94.jpg,fpt,,,1.0,1.0,1.0,0.5,0.1666666666666668,0.5,0.48,0.1925,0.5,0.48062499999999997,0.55815625,0.5581875000000001,0.49128125,0.5666666666666667,0.5026286458333333,False,False,False,False,False,True,False
"Laptop Gigabyte Gaming G6X 9MG i7 13650HX/16GB/1TB/16""FHD/RTX4050 6GB/Win 11",gigabyte,nan,core i7,nan,nan,16,,,1000.0,16.0,,nan,NVIDIA,RTX 4050,Dedicated,nan,nan,nan,nan,27990000,nan,False,0,,In Stock,https://fptshop.com.vn/may-tinh-xach-tay/gigabyte-gaming-g6x-9mg-i7-13650hx-9rc6l9mghsjix1vn000?sku=00920956,https://cdn2.fptshop.com.vn/unsafe/gigabyte_gaming_g6x_9mg_01_88f2cf665a.png,fpt,,,0.23076923076923067,0.3279569892473118,0.16767371601208458,0.5,1.0,0.5,0.64,0.42900000000000005,0.5,0.45246108354011577,0.5317306555004135,0.5223537096774193,0.47860748759305205,0.4,0.45373474865591396,False,False,False,False,False,False,True
MacBook Pro 14 M5 2026 10CPU/10GPU/32GB/4TB/96W,apple,Apple,m5,nan,nan,32,,,4000.0,14.0,,nan,Apple,Apple M5 10-core GPU,Integrated,nan,nan,nan,nan,83490000,nan,False,0,,In Stock,https://fptshop.com.vn/may-tinh-xach-tay/macbook-pro-14-m5-2026-10cpu-10gpu-32gb-4tb-96w?sku=00926979,https://cdn2.fptshop.com.vn/unsafe/macbook_pro_14_m5_2025_den_1_c0818fdf94.jpg,fpt,,,1.0,1.0,1.0,0.5,0.1666666666666668,0.5,0.48,0.1925,0.5,0.48062499999999997,0.55815625,0.5581875000000001,0.49128125,0.5666666666666667,0.5026286458333333,False,False,False,False,False,True,False
Laptop MSI Gaming Vector 16 HX AI A2XWHG-010VN U7 255HX/16GB/512GB/16QHD+/RTX5070Ti_12GB//Win11_Balo,msi,Intel,ultra 7,7.0,nan,16,,,512.0,16.0,,nan,NVIDIA,RTX 5070 Ti,Dedicated,nan,nan,nan,nan,62990000,nan,False,0,,In Stock,https://fptshop.com.vn/may-tinh-xach-tay/msi-gaming-vector-16-hx-ai-a2xwhg-010vn?sku=00916675,https://cdn2.fptshop.com.vn/unsafe/00916675_MSI_Gaming_Vector_16_HX_AI_A2_XWIG_062_VN_U9_275_HX_1_0f84b286ac.png,fpt,,,0.23076923076923067,0.0,0.6963746223564955,0.5,1.0,0.5,0.64,0.5790000000000001,0.5,0.48716538461538467,0.5404067307692307,0.532765,0.49422442307692305,0.4,0.47290887500000006,False,False,False,False,False,False,True
"Laptop MSI Modern 14 F13MG-466VN i5 1334U/16GB/512GB/14"" IPS FHD/Win11_Túi",msi,nan,core i5,nan,nan,16,,,512.0,14.0,,nan,Intel,Intel Iris Xe,Integrated,nan,nan,nan,nan,16990000,nan,False,0,,In Stock,https://fptshop.com.vn/may-tinh-xach-tay/msi-modern-14-f13mg-466vn-i5-1334u?sku=00920324,https://cdn2.fptshop.com.vn/unsafe/msi_modern_14_f13mg_bac_01_66ddd17236.png,fpt,,,0.23076923076923067,0.0,0.0015105740181268882,0.5,0.1666666666666668,0.5,0.48,0.341,0.5,0.3320653846153846,0.40563173076923076,0.398235,0.4244294230769231,0.5666666666666667,0.42054945833333335,False,False,False,False,False,True,False
MacBook Pro 16 M5 Pro 2026 18CPU/20GPU/24GB/2TB/140W,apple,Apple,m5 pro,nan,nan,24,,,2000.0,16.2,,nan,Apple,Apple M5 PRO 20-core GPU,Integrated,nan,24 hours,nan,24.0,83490000,nan,False,0,,In Stock,https://fptshop.com.vn/may-tinh-xach-tay/macbook-pro-16-m5-pro-2026-18cpu-20gpu-24gb-2tb?sku=00927006,https://cdn2.fptshop.com.vn/unsafe/macbook_pro_16_m5_pro_space_black_1_c109d9bb4e.png,fpt,,,0.6153846153846153,1.0,1.0,0.5,1.0,0.5,0.48,0.1925,0.5,0.42293269230769226,0.48604086538461533,0.4831875,0.4653197115384615,0.4,0.43742031249999996,False,False,False,False,False,False,True
MacBook Air 15 M5 2026 10CPU/10GPU/16GB/1TB/35W,apple,Apple,m5,nan,nan,16,,,1000.0,15.3,,nan,Apple,Apple M5 10-core GPU,Integrated,nan,18 hours,nan,18.0,39990000,nan,False,0,,In Stock,https://fptshop.com.vn/may-tinh-xach-tay/macbook-air-15-m5-2026-10cpu-10gpu-16gb-1tb?sku=00926574,https://cdn2.fptshop.com.vn/unsafe/macbook_air_15_m5_sky_blue_1_cd626ebb31.png,fpt,,,0.23076923076923067,0.3279569892473118,0.34894259818731116,0.5,0.7083333333333337,0.5,0.48,0.1925,0.5,0.29803608354011574,0.3971244055004135,0.38802620967741935,0.40911623759305205,0.45833333333333326,0.38008160282258063,False,False,False,False,False,False,False
MacBook Air 15 M5 2026 10CPU/10GPU/16GB/1TB/35W,apple,Apple,m5,nan,nan,16,,,1000.0,15.3,,nan,Apple,Apple M5 10-core GPU,Integrated,nan,18 hours,nan,18.0,39990000,nan,False,0,,In Stock,https://fptshop.com.vn/may-tinh-xach-tay/macbook-air-15-m5-2026-10cpu-10gpu-16gb-1tb?sku=00926572,https://cdn2.fptshop.com.vn/unsafe/macbook_air_15_m5_sky_blue_1_cd626ebb31.png,fpt,,,0.23076923076923067,0.3279569892473118,0.34894259818731116,0.5,0.7083333333333337,0.5,0.48,0.1925,0.5,0.29803608354011574,0.3971244055004135,0.38802620967741935,0.40911623759305205,0.45833333333333326,0.38008160282258063,False,False,False,False,False,False,False
MacBook Air 15 M5 2026 10CPU/10GPU/16GB/1TB/35W,apple,Apple,m5,nan,nan,16,,,1000.0,15.3,,nan,Apple,Apple M5 10-core GPU,Integrated,nan,18 hours,nan,18.0,39990000,nan,False,0,,In Stock,https://fptshop.com.vn/may-tinh-xach-tay/macbook-air-15-m5-2026-10cpu-10gpu-16gb-1tb?sku=00926573,https://cdn2.fptshop.com.vn/unsafe/macbook_air_15_m5_sky_blue_1_cd626ebb31.png,fpt,,,0.23076923076923067,0.3279569892473118,0.34894259818731116,0.5,0.7083333333333337,0.5,0.48,0.1925,0.5,0.29803608354011574,0.3971244055004135,0.38802620967741935,0.40911623759305205,0.45833333333333326,0.38008160282258063,False,False,False,False,False,False,False
Laptop Lenovo Gaming LOQ 15ARP10E R7 7735HS/16GB/512GB/15.6 inch FHD/RTX 3050 6GB/W11 (83S0006QVN),lenovo,AMD,ryzen 7,7.0,nan,16,,,512.0,15.6,,nan,NVIDIA,RTX 3050,Dedicated,nan,nan,nan,nan,27990000,nan,False,0,,In Stock,https://fptshop.com.vn/may-tinh-xach-tay/lenovo-gaming-loq-15arp10e-r7-7735hs-83s0006qvn?sku=00923919,https://cdn2.fptshop.com.vn/unsafe/lenovo_gaming_loq_15arp10e_xam_01_9030b306bc.png,fpt,,,0.23076923076923067,0.0,0.16767371601208458,0.5,0.8333333333333333,0.5,0.64,0.5790000000000001,0.5,0.48716538461538467,0.5404067307692307,0.532765,0.49422442307692305,0.43333333333333335,0.4795755416666667,False,False,False,False,False,False,True
MacBook Air 15 M5 2026 10CPU/10GPU/16GB/1TB/35W,apple,Apple,m5,nan,nan,16,,,1000.0,15.3,,nan,Apple,Apple M5 10-core GPU,Integrated,nan,18 hours,nan,18.0,39990000,nan,False,0,,In Stock,https://fptshop.com.vn/may-tinh-xach-tay/macbook-air-15-m5-2026-10cpu-10gpu-16gb-1tb?sku=00926575,https://cdn2.fptshop.com.vn/unsafe/macbook_air_15_m5_sky_blue_1_cd626ebb31.png,fpt,,,0.23076923076923067,0.3279569892473118,0.34894259818731116,0.5,0.7083333333333337,0.5,0.48,0.1925,0.5,0.29803608354011574,0.3971244055004135,0.38802620967741935,0.40911623759305205,0.45833333333333326,0.38008160282258063,False,False,False,False,False,False,False
MacBook Pro 14 M5 Pro 2026 18CPU/20GPU/24GB/2TB/96W,apple,Apple,m5 pro,nan,nan,24,,,2000.0,14.0,,nan,Apple,Apple M5 PRO 20-core GPU,Integrated,nan,22 hours,nan,22.0,75990000,nan,False,0,,In Stock,https://fptshop.com.vn/may-tinh-xach-tay/macbook-pro-14-m5-pro-2026-18cpu-20gpu-24gb-2tb?sku=00926604,https://cdn2.fptshop.com.vn/unsafe/macbook_pro_14_m5_pro_space_black_1_2b3d8ad534.png,fpt,,,0.6153846153846153,1.0,0.8927492447129909,0.5,0.1666666666666668,0.5,0.48,0.1925,0.5,0.42293269230769226,0.48604086538461533,0.4831875,0.4653197115384615,0.5666666666666667,0.4707536458333333,False,False,False,False,False,True,False
"Laptop Dell Inspiron 14 5440 Core 7 150U/16GB/512GB/14.0""FHD+/MX570A 2GB/Win11/Office Home 2024",dell,Intel,core 7,nan,nan,16,,,512.0,14.0,,nan,NVIDIA,MX570A,Dedicated,nan,nan,nan,nan,29490000,nan,False,0,,In Stock,https://fptshop.com.vn/may-tinh-xach-tay/dell-inspiron-5440-core-7-150u-c7u165w11ibd2?sku=00923725,https://cdn2.fptshop.com.vn/unsafe/dell_inspiron_5440_xanh_01_a6cbbe98a1.png,fpt,,,0.23076923076923067,0.0,0.1903323262839879,0.5,0.1666666666666668,0.5,0.66,0.42900000000000005,0.5,0.4256653846153846,0.5370317307692308,0.525315,0.46654942307692304,0.5666666666666667,0.47226345833333333,False,False,False,False,False,True,False
MacBook Pro 14 M5 Pro 2026 18CPU/20GPU/24GB/2TB/96W,apple,Apple,m5 pro,nan,nan,24,,,2000.0,14.0,,nan,Apple,Apple M5 PRO 20-core GPU,Integrated,nan,22 hours,nan,22.0,75990000,nan,False,0,,In Stock,https://fptshop.com.vn/may-tinh-xach-tay/macbook-pro-14-m5-pro-2026-18cpu-20gpu-24gb-2tb?sku=00926603,https://cdn2.fptshop.com.vn/unsafe/macbook_pro_14_m5_pro_space_black_1_2b3d8ad534.png,fpt,,,0.6153846153846153,1.0,0.8927492447129909,0.5,0.1666666666666668,0.5,0.48,0.1925,0.5,0.42293269230769226,0.48604086538461533,0.4831875,0.4653197115384615,0.5666666666666667,0.4707536458333333,False,False,False,False,False,True,False
MacBook Air 13 M4 2025 10CPU/10GPU/24GB/256GB,apple,Apple,m4,nan,nan,24,,,256.0,13.6,,nan,Apple,Apple M4 10-core GPU,Integrated,nan,18 hours,nan,18.0,27990000,nan,False,0,,In Stock,https://fptshop.com.vn/may-tinh-xach-tay/macbook-air-13-m4-2025-10cpu-10gpu-24gb-256gb?sku=00919445,https://cdn2.fptshop.com.vn/unsafe/macbook_air_13_m4_2025_xanh_1_16309323fd.jpg,fpt,,,0.6153846153846153,0.0,0.16767371601208458,0.5,0.0,0.5,0.48,0.41800000000000004,0.5,0.4244076923076923,0.48640961538461536,0.48363,0.4659834615384615,0.6000000000000001,0.47823525,False,False,False,False,False,True,False
"Laptop Dell Inspiron 15 3530 i7 1355U/16GB/512GB/15.6"" FHD/Win11/Office HS24/OS365",dell,nan,core i7,nan,nan,16,,,512.0,15.6,,nan,nan,nan,nan,nan,nan,nan,nan,24990000,nan,False,0,,In Stock,https://fptshop.com.vn/may-tinh-xach-tay/dell-inspiron-15-3530-71053721,https://cdn2.fptshop.com.vn/unsafe/dell_inspiron_15_3530_sliver_049b98a1a0.png,fpt,,,0.23076923076923067,0.0,0.12235649546827794,0.5,0.8333333333333333,0.5,0.45,0.42900000000000005,0.5,0.36266538461538467,0.3952817307692308,0.390915,0.43819942307692306,0.43333333333333335,0.41078929166666667,False,False,False,False,False,False,True
MacBook Pro 16 M5 Pro 2026 18CPU/20GPU/24GB/1TB/Nano/140W,apple,Apple,m5 pro,nan,nan,24,,,1000.0,16.2,,nan,Apple,Apple M5 PRO 20-core GPU,Integrated,nan,nan,nan,nan,76490000,nan,False,0,,In Stock,https://fptshop.com.vn/may-tinh-xach-tay/macbook-pro-16-m5-pro-2026-18cpu-20gpu-24gb-1tb-nano?sku=00927007,https://cdn2.fptshop.com.vn/unsafe/macbook_pro_16_m5_pro_space_black_1_c109d9bb4e.png,fpt,,,0.6153846153846153,0.3279569892473118,0.9003021148036254,0.5,1.0,0.5,0.48,0.1925,0.5,0.35572839123242345,0.46923979011579814,0.46302620967741936,0.4350777760545905,0.4,0.40028993615591396,False,False,False,False,False,False,True
"Laptop Asus Gaming ROG Strix 16 G615JMR-S5155W i7-14650HX/AI/32GB/1TB/16"" 240Hz/Nvidia GeForce RTX5060 8GB/Win11",asus,Intel,i7-14650hx,14.0,nan,32,,,1000.0,16.0,,nan,NVIDIA,RTX 5060,Dedicated,nan,nan,nan,nan,49990000,nan,False,0,,In Stock,https://fptshop.com.vn/may-tinh-xach-tay/asus-rog-strix-16-g615jmr-s5155w-i7-14650hx,https://cdn2.fptshop.com.vn/unsafe/00918852_rog_strix_g16_2025_g615_1_bbf924800c.png,fpt,,,1.0,0.3279569892473118,0.5,0.5,1.0,0.5,0.64,0.7290000000000001,0.5,0.7028456989247314,0.7097114247311829,0.7128537096774195,0.5912805645161291,0.4,0.592072248655914,True,True,False,False,False,False,True
"Laptop Acer Aspire 16 AI A16-71M-59L5 Ultra 5 125H/16GB/512GB/16""FHD+/Win11",acer,Intel,core ultra 5,5.0,nan,16,,,512.0,16.0,,nan,Intel,Intel Arc Graphics,Integrated,nan,nan,nan,nan,18790000,nan,False,0,,In Stock,https://fptshop.com.vn/may-tinh-xach-tay/acer-aspire-16-ai-a16-71m-59l5?sku=00924474,https://cdn2.fptshop.com.vn/unsafe/acer_aspire_16_ai_a16_71m_den_01_1d3a7191dd.png,fpt,,,0.23076923076923067,0.0,0.028700906344410877,0.5,1.0,0.5,0.48,0.4481428571428572,0.5,0.38027967032967036,0.4176853021978022,0.4126992857142857,0.4461258516483516,0.4,0.41385451785714283,False,False,False,False,False,False,True
"Laptop MSI Gaming Katana 15 HX B14WGK-023VN i7-14650HX/AI/16GB/1TB/15.6"" 2.5K/RTX 5070 8GB/Win11_Balo",msi,Intel,i7-14650hx,14.0,nan,16,,,1000.0,15.6,,nan,NVIDIA,RTX 5070,Dedicated,nan,nan,nan,nan,46990000,nan,False,0,,In Stock,https://fptshop.com.vn/may-tinh-xach-tay/msi-gaming-katana-15-hx-b14wgk-023vn-i7-14650hx?sku=00920450,https://cdn2.fptshop.com.vn/unsafe/00920450_msi_gaming_katana_15hx_b14wx_black_01_102e944cde.png,fpt,,,0.23076923076923067,0.3279569892473118,0.45468277945619334,0.5,0.8333333333333333,0.5,0.64,0.7290000000000001,0.5,0.587461083540116,0.5654806555004136,0.5628537096774194,0.5393574875930521,0.43333333333333335,0.5349889153225807,False,False,False,False,False,False,True
"Laptop HP OmniBook Ultra Flip 14-fh0097TU U7-258V/AI/32GB/1TB/14"" OLED/Win11/Office HS24 (BZ7S3PA)",hp,Intel,core ultra 7,7.0,nan,32,,,1000.0,14.0,,nan,Intel,Intel Graphics,Integrated,nan,nan,nan,nan,56090000,nan,False,0,,In Stock,https://fptshop.com.vn/may-tinh-xach-tay/hp-omnibook-ultra-flip-14-fh0097tu-u7-258v-bz7s3pa?sku=00920697,https://cdn2.fptshop.com.vn/unsafe/00920697_hp_omnibook_ultra_flip_14_fh0097tu_49c88ea7d5.png,fpt,,,1.0,0.3279569892473118,0.5921450151057401,0.5,0.1666666666666668,0.5,0.48,0.5790000000000001,0.5,0.5873456989247313,0.5848364247311828,0.5902037096774194,0.5393055645161291,0.5666666666666667,0.5615918319892474,False,False,False,False,False,True,False
"Laptop Asus Gaming ROG Strix G16 G614PM-TS147W R9 8940HX/AI/16GB/512GB/16""/GeForce RTX5060 8GB/Win11",asus,AMD,ryzen 9,9.0,nan,16,,,512.0,16.0,,nan,NVIDIA,RTX 5060,Dedicated,nan,nan,nan,nan,49990000,nan,False,0,,In Stock,https://fptshop.com.vn/may-tinh-xach-tay/asus-gaming-rog-strix-g16-g614pm-ts147w-r9-8940hx?sku=00928648,https://cdn2.fptshop.com.vn/unsafe/asus_gaming_rog_strix_g614_logo_ai_7bf8ec880b.png,fpt,,,0.23076923076923067,0.0,0.5,0.5,1.0,0.5,0.64,0.687857142857143,0.5,0.536151098901099,0.5526531593406594,0.5474607142857143,0.5162679945054945,0.4,0.49997348214285725,False,False,False,False,False,False,True
"Laptop Asus Vivobook 14 X1407AA-LY360W Ultra 5-325/AI/16GB/512GB/14""WUXGA/Win11",asus,Intel,core ultra 5,5.0,nan,16,,,512.0,14.0,,nan,Intel,Intel Graphics,Integrated,nan,nan,nan,nan,26490000,nan,False,0,,In Stock,https://fptshop.com.vn/may-tinh-xach-tay/asus-vivobook-14-x1407aa-ly360w-ultra-5-325?sku=00928045,https://cdn2.fptshop.com.vn/unsafe/asus_vivobook_14_x1407_silver_logo_ai_ce0fc7f966.png,fpt,,,0.23076923076923067,0.0,0.14501510574018128,0.5,0.1666666666666668,0.5,0.48,0.4481428571428572,0.5,0.38027967032967036,0.4176853021978022,0.4126992857142857,0.4461258516483516,0.5666666666666667,0.44718785119047616,False,False,False,False,False,True,False
MacBook Air 13 M5 2026 10CPU/10GPU/32GB/2TB/70W,apple,Apple,m5,nan,nan,32,,,2000.0,13.6,,nan,Apple,Apple M5 10-core GPU,Integrated,nan,nan,nan,nan,56990000,nan,False,0,,In Stock,https://fptshop.com.vn/may-tinh-xach-tay/macbook-air-13-m5-2026-10cpu-10gpu-32gb-2tb-70w?sku=00926991,https://cdn2.fptshop.com.vn/unsafe/macbook_air_13_m5_silver_1_aaf300c0db.png,fpt,,,1.0,1.0,0.6057401812688822,0.5,0.0,0.5,0.48,0.1925,0.5,0.48062499999999997,0.55815625,0.5581875000000001,0.49128125,0.6000000000000001,0.5092953125,False,False,False,False,False,True,False
MacBook Air 13 M5 2026 10CPU/10GPU/32GB/2TB/70W,apple,Apple,m5,nan,nan,32,,,2000.0,13.6,,nan,Apple,Apple M5 10-core GPU,Integrated,nan,nan,nan,nan,56990000,nan,False,0,,In Stock,https://fptshop.com.vn/may-tinh-xach-tay/macbook-air-13-m5-2026-10cpu-10gpu-32gb-2tb-70w?sku=00926990,https://cdn2.fptshop.com.vn/unsafe/macbook_air_13_m5_silver_1_aaf300c0db.png,fpt,,,1.0,1.0,0.6057401812688822,0.5,0.0,0.5,0.48,0.1925,0.5,0.48062499999999997,0.55815625,0.5581875000000001,0.49128125,0.6000000000000001,0.5092953125,False,False,False,False,False,True,False
MacBook Air 13 M5 2026 10CPU/10GPU/32GB/2TB/70W,apple,Apple,m5,nan,nan,32,,,2000.0,13.6,,nan,Apple,Apple M5 10-core GPU,Integrated,nan,nan,nan,nan,56990000,nan,False,0,,In Stock,https://fptshop.com.vn/may-tinh-xach-tay/macbook-air-13-m5-2026-10cpu-10gpu-32gb-2tb-70w?sku=00926989,https://cdn2.fptshop.com.vn/unsafe/macbook_air_13_m5_silver_1_aaf300c0db.png,fpt,,,1.0,1.0,0.6057401812688822,0.5,0.0,0.5,0.48,0.1925,0.5,0.48062499999999997,0.55815625,0.5581875000000001,0.49128125,0.6000000000000001,0.5092953125,False,False,False,False,False,True,False
MacBook Air 13 M5 2026 10CPU/10GPU/32GB/2TB/70W,apple,Apple,m5,nan,nan,32,,,2000.0,13.6,,nan,Apple,Apple M5 10-core GPU,Integrated,nan,nan,nan,nan,56990000,nan,False,0,,In Stock,https://fptshop.com.vn/may-tinh-xach-tay/macbook-air-13-m5-2026-10cpu-10gpu-32gb-2tb-70w?sku=00926992,https://cdn2.fptshop.com.vn/unsafe/macbook_air_13_m5_silver_1_aaf300c0db.png,fpt,,,1.0,1.0,0.6057401812688822,0.5,0.0,0.5,0.48,0.1925,0.5,0.48062499999999997,0.55815625,0.5581875000000001,0.49128125,0.6000000000000001,0.5092953125,False,False,False,False,False,True,False
"Laptop HP Probook 445 G10 R5-7530U/16GB/512GB/14"" FHD/Win11_B73TSAT",hp,AMD,ryzen 5,5.0,nan,16,,,512.0,14.0,,nan,AMD,AMD Radeon Graphics,Integrated,nan,nan,nan,nan,18990000,nan,False,0,,In Stock,https://fptshop.com.vn/may-tinh-xach-tay/hp-probook-445-g10-r5-7530u-b73tsat?sku=00916692,https://cdn2.fptshop.com.vn/unsafe/HP_Probook_445_G10_bac_1_db21700ffc.jpg,fpt,,,0.23076923076923067,0.0,0.03172205438066465,0.5,0.1666666666666668,0.5,0.48,0.4481428571428572,0.5,0.38027967032967036,0.4176853021978022,0.4126992857142857,0.4461258516483516,0.5666666666666667,0.44718785119047616,False,False,False,False,False,True,False
"Laptop Dell Inspiron N3530 i5 1334U/16GB/512GB/15.6""FHD/Win11/Office HS21",dell,nan,core i5,nan,nan,16,,,512.0,15.6,,nan,Intel,Intel Iris Xe,Integrated,nan,nan,nan,nan,22490000,nan,False,0,,In Stock,https://fptshop.com.vn/may-tinh-xach-tay/dell-inspiron-n3530-i5-1334u-71043885?sku=00910926,https://cdn2.fptshop.com.vn/unsafe/dell_inspiron_15_3530_sliver_049b98a1a0.png,fpt,,,0.23076923076923067,0.0,0.08459214501510574,0.5,0.8333333333333333,0.5,0.48,0.341,0.5,0.3320653846153846,0.40563173076923076,0.398235,0.4244294230769231,0.43333333333333335,0.3938827916666667,False,False,False,False,False,False,True
"Laptop Lenovo IdeaPad Slim 3 14ARP10 R5 7535HS/24GB/512GB/14""WUXGA/W11SL (83K6005UVN)",lenovo,AMD,ryzen 5,5.0,nan,24,,,512.0,14.0,,nan,AMD,AMD Radeon Graphics,Integrated,nan,nan,nan,nan,18990000,nan,False,0,,In Stock,https://fptshop.com.vn/may-tinh-xach-tay/lenovo-ideapad-slim-3-14arp10-r5-7535hs-83k6005uvn?sku=00924087,https://cdn2.fptshop.com.vn/unsafe/lenovo_ideapad_slim_3_14arp10_xam_01_f3e56b5b24.png,fpt,,,0.6153846153846153,0.0,0.03172205438066465,0.5,0.1666666666666668,0.5,0.48,0.4481428571428572,0.5,0.43797197802197807,0.4898006868131868,0.4876992857142858,0.4720873901098901,0.5666666666666667,0.4790628511904762,False,False,False,False,False,True,False
"Laptop Asus Zenbook S 14 OLED UX5406SA-PV140WS Core Ultra 7-258V/AI/32GB/1TB/14""3K 120Hz/Win11/Office HS21",asus,Intel,core ultra 7,7.0,nan,32,,,1000.0,14.0,,nan,Intel,Intel Arc Graphics,Integrated,1.2,nan,nan,nan,41990000,nan,False,0,,In Stock,https://fptshop.com.vn/may-tinh-xach-tay/asus-zenbook-s-14-oled-ux5406sa-pv140ws?sku=00912347,https://cdn2.fptshop.com.vn/unsafe/00912347_asus_zenbook_s_14_ux5406_white_1_66f10df900.png,fpt,,,1.0,0.3279569892473118,0.37915407854984895,1.0,0.1666666666666668,0.5,0.48,0.5790000000000001,0.5,0.5873456989247313,0.5848364247311828,0.5902037096774194,0.714305564516129,0.7916666666666666,0.6853418319892474,False,False,True,False,True,True,False
MacBook Air 15 M5 2026 10CPU/10GPU/32GB/2TB/70W,apple,Apple,m5,nan,nan,32,,,2000.0,15.3,,nan,Apple,Apple M5 10-core GPU,Integrated,nan,nan,nan,nan,61990000,nan,False,0,,In Stock,https://fptshop.com.vn/may-tinh-xach-tay/macbook-air-15-m5-2026-10cpu-10gpu-32gb-2tb-70w?sku=00927009,https://cdn2.fptshop.com.vn/unsafe/macbook_air_15_m5_sky_blue_1_cd626ebb31.png,fpt,,,1.0,1.0,0.6812688821752266,0.5,0.7083333333333337,0.5,0.48,0.1925,0.5,0.48062499999999997,0.55815625,0.5581875000000001,0.49128125,0.45833333333333326,0.48096197916666666,False,False,False,False,False,False,False
"Laptop Asus TUF Gaming F16 FX607VJ-RL034W Core 5-210H/16GB/512GB/16"" WUXGA/RTX 3050 6GB/Win11",asus,Intel,core 5,nan,nan,16,,,512.0,16.0,,nan,NVIDIA,RTX 3050,Dedicated,nan,nan,nan,nan,23490000,nan,False,0,,In Stock,https://fptshop.com.vn/may-tinh-xach-tay/asus-tuf-gaming-f16-fx607vj-rl034w-core-5-210h?sku=00919188,https://cdn2.fptshop.com.vn/unsafe/00919188_asus_tuf_gaming_f16_fx607vj_xam_01_8db4852eec.png,fpt,,,0.23076923076923067,0.0,0.09969788519637462,0.5,1.0,0.5,0.64,0.341,0.5,0.38006538461538464,0.5136317307692307,0.500635,0.44602942307692306,0.4,0.413736125,False,False,False,False,False,False,True
"Laptop MSI Prestige 13 AI Evo A1MG-062VN Ultra 7 155H /32GB/1TB/13.3""2.8K OLED/Win11_Túi_Chuột",msi,Intel,core ultra 7,7.0,nan,32,,,1000.0,13.3,,nan,Intel,Intel Arc Graphics,Integrated,nan,75 Wh,75.0,nan,32990000,nan,False,0,,In Stock,https://fptshop.com.vn/may-tinh-xach-tay/msi-prestige-13-ai-evo-a1mg-062vn,https://cdn2.fptshop.com.vn/unsafe/msi_prestige_13_ai_evo_a1m_1_fff2d230a0.png,fpt,,,1.0,0.3279569892473118,0.243202416918429,0.5,0.0,0.0,0.48,0.5790000000000001,0.0,0.5873456989247313,0.5848364247311828,0.5902037096774194,0.43930556451612907,0.42500000000000004,0.48825849865591403,False,False,False,False,False,True,False
"Laptop Lenovo IdeaPad Slim 3 14ARP10 R5 7535HS/16GB/512GB/14""WUXGA/W11SL (83K6005VVN)",lenovo,AMD,ryzen 5,5.0,nan,16,,,512.0,14.0,,nan,AMD,AMD Radeon Graphics,Integrated,nan,nan,nan,nan,18990000,nan,False,0,,In Stock,https://fptshop.com.vn/may-tinh-xach-tay/lenovo-ideapad-slim-3-14arp10-r5-7535hs-83k6005vvn?sku=00924088,https://cdn2.fptshop.com.vn/unsafe/lenovo_ideapad_slim_3_14arp10_xam_01_f3e56b5b24.png,fpt,,,0.23076923076923067,0.0,0.03172205438066465,0.5,0.1666666666666668,0.5,0.48,0.4481428571428572,0.5,0.38027967032967036,0.4176853021978022,0.4126992857142857,0.4461258516483516,0.5666666666666667,0.44718785119047616,False,False,False,False,False,True,False
"Laptop Gigabyte Gaming G6X 9KG i7 13650HX/AI/16GB/512SGB/16""FHD/RTX4060 8GB/Win 11",gigabyte,nan,core i7,nan,nan,16,,,512.0,16.0,,nan,NVIDIA,RTX 4060,Dedicated,nan,nan,nan,nan,28990000,nan,False,0,,In Stock,https://fptshop.com.vn/may-tinh-xach-tay/gigabyte-gaming-g6x-9mg-i7-13650hx-9rc6l9kghsiix1vn000?sku=00920957,https://cdn2.fptshop.com.vn/unsafe/gigabyte_gaming_g6x_9mg_01_88f2cf665a.png,fpt,,,0.23076923076923067,0.0,0.18277945619335348,0.5,1.0,0.5,0.64,0.42900000000000005,0.5,0.4196653846153846,0.5235317307692308,0.512515,0.463849423076923,0.4,0.43561512499999994,False,False,False,False,False,False,True
"Laptop Dell 15 DC15250 i5 1334U/16GB/512GB/15.6""FHD/Win11/Office Home 2024/Microsoft 365 (71084746)",dell,nan,core i5,nan,nan,16,,,512.0,15.6,,nan,Intel,Intel UHD,Integrated,nan,nan,nan,nan,22990000,nan,False,0,,In Stock,https://fptshop.com.vn/may-tinh-xach-tay/dell-15-dc15250-i5-1334u-71084746?sku=00925199,https://cdn2.fptshop.com.vn/unsafe/dell_15_dc15250_silver_01_050bd1cfe2.png,fpt,,,0.23076923076923067,0.0,0.09214501510574018,0.5,0.8333333333333333,0.5,0.48,0.341,0.5,0.3320653846153846,0.40563173076923076,0.398235,0.4244294230769231,0.43333333333333335,0.3938827916666667,False,False,False,False,False,False,True
"Laptop MSI Prestige 14 AI+ D3MG-022VN U7-355/32GB/1TB/14"" FHD OLED/Win11/Túi",msi,Intel,core ultra 7,7.0,nan,32,,,1000.0,14.0,,nan,Intel,Intel Graphics,Integrated,nan,nan,nan,nan,48490000,nan,False,0,,In Stock,https://fptshop.com.vn/may-tinh-xach-tay/msi-prestige-14-ai-d3mg-022vn-u7-355?sku=00927248,https://cdn2.fptshop.com.vn/unsafe/msi_prestige_14_ai_d3mg_xam_01_c688034c38.png,fpt,,,1.0,0.3279569892473118,0.4773413897280967,0.5,0.1666666666666668,0.5,0.48,0.5790000000000001,0.5,0.5873456989247313,0.5848364247311828,0.5902037096774194,0.5393055645161291,0.5666666666666667,0.5615918319892474,False,False,False,False,False,True,False
"Laptop Lenovo Thinkpad X9-15 Gen 1 ULTRA 7_258V/AI/32GB/1TB/15.3"" 2.8K_OLED/Touch/Win 11 Pro",lenovo,Intel,core ultra 7,7.0,nan,32,,,1000.0,15.3,,nan,Intel,Intel Graphics,Integrated,nan,nan,nan,nan,54990000,nan,False,0,,In Stock,https://fptshop.com.vn/may-tinh-xach-tay/lenovo-thinkpad-x9-15-gen-1-ultra-7-258v-21q60055vn?sku=00922309,https://cdn2.fptshop.com.vn/unsafe/00922309_lenovo_thinkpad_x9_15_gen_1_black_01_b049c2c4ca.png,fpt,,,1.0,0.3279569892473118,0.5755287009063444,0.5,0.7083333333333337,0.5,0.48,0.5790000000000001,0.5,0.5873456989247313,0.5848364247311828,0.5902037096774194,0.5393055645161291,0.45833333333333326,0.5399251653225807,False,False,False,False,False,False,False
"Laptop Dell 15 DC15250 i5 1334U/16GB/512GB/15.6""FHD/Win11/Office Home 2024",dell,nan,core i5,nan,nan,16,,,512.0,15.6,,nan,Intel,Intel UHD,Integrated,nan,nan,nan,nan,22990000,nan,False,0,,In Stock,https://fptshop.com.vn/may-tinh-xach-tay/dell-15-dc15250-i5-1334u-cph99?sku=00921930,https://cdn2.fptshop.com.vn/unsafe/dell_15_dc15250_silver_01_050bd1cfe2.png,fpt,,,0.23076923076923067,0.0,0.09214501510574018,0.5,0.8333333333333333,0.5,0.48,0.341,0.5,0.3320653846153846,0.40563173076923076,0.398235,0.4244294230769231,0.43333333333333335,0.3938827916666667,False,False,False,False,False,False,True
"Laptop Acer Gaming Nitro ProPanel AN16S-61-R5F4 R7 350/AI/16GB/512GB/16""FHD+/Nvidia GeForce RTX5060 8GB/Win11",acer,AMD,ryzen ai 7,7.0,nan,16,,,512.0,16.0,,nan,NVIDIA,RTX 5060,Dedicated,nan,nan,nan,nan,48990000,nan,False,0,,In Stock,https://fptshop.com.vn/may-tinh-xach-tay/acer-gaming-nitro-propanel-an16s-61-r5f4-r7-350?sku=00926189,https://cdn2.fptshop.com.vn/unsafe/acer_nitro_propanel_an16s_61_logo_ai_2e8beb1253.png,fpt,,,0.23076923076923067,0.0,0.48489425981873113,0.5,1.0,0.5,0.64,0.3425,0.5,0.3807403846153846,0.5138004807692308,0.5008375,0.4463331730769231,0.4,0.4141090625,False,False,False,False,False,False,True
MacBook Air 15 M5 2026 10CPU/10GPU/32GB/4TB/70W,apple,Apple,m5,nan,nan,32,,,4000.0,15.3,,nan,Apple,Apple M5 10-core GPU,Integrated,nan,nan,nan,nan,78490000,nan,False,0,,In Stock,https://fptshop.com.vn/may-tinh-xach-tay/macbook-air-15-m5-2026-10cpu-10gpu-32gb-4tb-70w?sku=00927008,https://cdn2.fptshop.com.vn/unsafe/macbook_air_15_m5_sky_blue_1_cd626ebb31.png,fpt,,,1.0,1.0,0.9305135951661632,0.5,0.7083333333333337,0.5,0.48,0.1925,0.5,0.48062499999999997,0.55815625,0.5581875000000001,0.49128125,0.45833333333333326,0.48096197916666666,False,False,False,False,False,False,False
MacBook Pro 14 M5 Max 2026 18CPU/32GPU/36GB/2TB/96W,apple,Apple,m5 max,nan,nan,36,,,2000.0,14.0,,nan,Apple,Apple M5 MAX 32-core GPU,Integrated,nan,20 hours,nan,20.0,97490000,nan,False,0,,In Stock,https://fptshop.com.vn/may-tinh-xach-tay/macbook-pro-14-m5-max-2026-18cpu-32gpu-36gb-2tb?sku=00926602,https://cdn2.fptshop.com.vn/unsafe/macbook_pro_14_m5_max_space_black_1_81ca8128a3.png,fpt,,,1.0,1.0,1.0,0.5,0.1666666666666668,0.5,0.48,0.1925,0.5,0.48062499999999997,0.55815625,0.5581875000000001,0.49128125,0.5666666666666667,0.5026286458333333,False,False,False,False,False,True,False
"Laptop Lenovo IdeaPad Slim 3 16IRH10 i7-13620H/16GB/512GB/16""WUXGA/Win 11",lenovo,Intel,i7-13620h,13.0,nan,16,,,512.0,16.0,,nan,Intel,Intel UHD,Integrated,nan,nan,nan,nan,21090000,nan,False,0,,In Stock,https://fptshop.com.vn/may-tinh-xach-tay/lenovo-ideapad-slim-3-16irh10-i7-13620h-83k20001-vn?sku=00916368,https://cdn2.fptshop.com.vn/unsafe/lenovo_ideapad_slim_3_16irh10_luna_grey_1_7112d5f200.png,fpt,,,0.23076923076923067,0.0,0.0634441087613293,0.5,1.0,0.5,0.48,0.7075714285714286,0.5,0.4970225274725275,0.44687101648351646,0.44772214285714285,0.49866013736263737,0.4,0.47835494642857146,False,False,False,False,False,False,True
MacBook Pro 16 2023 M3 Pro 12 CPU/18 GPU/36GB/512GB,apple,Apple,m3 pro,nan,nan,36,,,512.0,16.2,,nan,Apple,Apple M3 PRO 18-core GPU,Integrated,nan,nan,nan,nan,49490000,nan,False,0,,In Stock,https://fptshop.com.vn/may-tinh-xach-tay/macbook-pro-16-2023-m3-pro-12-cpu18-gpu-36gb-512gb?sku=00906575,https://cdn2.fptshop.com.vn/unsafe/2023_11_1_638344453377058427_macbook-pro-16-2023-m3-pro-max-den (1).jpg,fpt,,,1.0,0.0,0.49244712990936557,0.5,1.0,0.5,0.48,0.41800000000000004,0.5,0.4821,0.5585249999999999,0.55863,0.49194499999999997,0.4,0.47011025,False,False,False,False,False,False,True
"Laptop Dell 16 DC16250 Core 5 120U/16GB/1TB/16""FHD+/Win11/Office Home 2024/Microsoft 365",dell,Intel,core 5,nan,nan,16,,,1000.0,16.0,,nan,Intel,Intel Graphics,Integrated,nan,nan,nan,nan,25490000,nan,False,0,,In Stock,https://fptshop.com.vn/may-tinh-xach-tay/dell-16-dc16250-core-5-120u-71076092?sku=00923424,https://cdn2.fptshop.com.vn/unsafe/dell_16_dc16250_black_01_04d6a9e57c.png,fpt,,,0.23076923076923067,0.3279569892473118,0.1299093655589124,0.5,1.0,0.5,0.48,0.341,0.5,0.36486108354011576,0.41383065550041354,0.40807370967741935,0.43918748759305204,0.4,0.405335748655914,False,False,False,False,False,False,True
MacBook Pro 14 M5 Max 2026 18CPU/32GPU/36GB/2TB/96W,apple,Apple,m5 max,nan,nan,36,,,2000.0,14.0,,nan,Apple,Apple M5 MAX 32-core GPU,Integrated,nan,20 hours,nan,20.0,97490000,nan,False,0,,In Stock,https://fptshop.com.vn/may-tinh-xach-tay/macbook-pro-14-m5-max-2026-18cpu-32gpu-36gb-2tb?sku=00926601,https://cdn2.fptshop.com.vn/unsafe/macbook_pro_14_m5_max_space_black_1_81ca8128a3.png,fpt,,,1.0,1.0,1.0,0.5,0.1666666666666668,0.5,0.48,0.1925,0.5,0.48062499999999997,0.55815625,0.5581875000000001,0.49128125,0.5666666666666667,0.5026286458333333,False,False,False,False,False,True,False
"Laptop Dell Inspiron 15 3530 i5 1334U/16GB/512GB/15.6"" FHD/Win11/Office HS21",dell,nan,core i5,nan,nan,16,,,512.0,15.6,,nan,Intel,Intel Iris Xe,Integrated,nan,nan,nan,nan,22490000,nan,False,0,,In Stock,https://fptshop.com.vn/may-tinh-xach-tay/dell-inspiron-15-3530-i5-1334un5i5530w1?sku=00920148,https://cdn2.fptshop.com.vn/unsafe/dell_inspiron_15_3530_sliver_049b98a1a0.png,fpt,,,0.23076923076923067,0.0,0.08459214501510574,0.5,0.8333333333333333,0.5,0.48,0.341,0.5,0.3320653846153846,0.40563173076923076,0.398235,0.4244294230769231,0.43333333333333335,0.3938827916666667,False,False,False,False,False,False,True
"Laptop Asus TUF Gaming A14 FA401EA-RG034W AMD RYZEN AI MAX+ 392/64GB/1TB/14""/Win11",asus,AMD,nan,nan,nan,64,,,1000.0,14.0,,nan,AMD,AMD Radeon Graphics,Integrated,nan,nan,nan,nan,61990000,nan,False,0,,In Stock,https://fptshop.com.vn/may-tinh-xach-tay/asus-tuf-gaming-a14-fa401ea-rg034w-amd-ryzen-ai-max-392?sku=00928046,https://cdn2.fptshop.com.vn/unsafe/asus_tuf_gaming_a14_fa401_black_logo_ai_966e1489cf.png,fpt,,,1.0,0.3279569892473118,0.6812688821752266,0.5,0.1666666666666668,0.5,0.48,0.1925,0.5,0.41342069892473116,0.5413551747311828,0.5380262096774193,0.461039314516129,0.5666666666666667,0.4654982694892473,False,False,False,False,False,True,False
MacBook Air 13 M5 2026 10CPU/10GPU/32GB/4TB/70W,apple,Apple,m5,nan,nan,32,,,4000.0,13.6,,nan,Apple,Apple M5 10-core GPU,Integrated,nan,nan,nan,nan,73490000,nan,False,0,,In Stock,https://fptshop.com.vn/may-tinh-xach-tay/macbook-air-13-m5-2026-10cpu-10gpu-32gb-4tb-70w?sku=00926988,https://cdn2.fptshop.com.vn/unsafe/macbook_air_13_m5_silver_1_aaf300c0db.png,fpt,,,1.0,1.0,0.8549848942598187,0.5,0.0,0.5,0.48,0.1925,0.5,0.48062499999999997,0.55815625,0.5581875000000001,0.49128125,0.6000000000000001,0.5092953125,False,False,False,False,False,True,False
MacBook Air 13 M5 2026 10CPU/10GPU/32GB/4TB/70W,apple,Apple,m5,nan,nan,32,,,4000.0,13.6,,nan,Apple,Apple M5 10-core GPU,Integrated,nan,nan,nan,nan,73490000,nan,False,0,,In Stock,https://fptshop.com.vn/may-tinh-xach-tay/macbook-air-13-m5-2026-10cpu-10gpu-32gb-4tb-70w?sku=00926985,https://cdn2.fptshop.com.vn/unsafe/macbook_air_13_m5_silver_1_aaf300c0db.png,fpt,,,1.0,1.0,0.8549848942598187,0.5,0.0,0.5,0.48,0.1925,0.5,0.48062499999999997,0.55815625,0.5581875000000001,0.49128125,0.6000000000000001,0.5092953125,False,False,False,False,False,True,False
MacBook Air 13 M5 2026 10CPU/10GPU/32GB/4TB/70W,apple,Apple,m5,nan,nan,32,,,4000.0,13.6,,nan,Apple,Apple M5 10-core GPU,Integrated,nan,nan,nan,nan,73490000,nan,False,0,,In Stock,https://fptshop.com.vn/may-tinh-xach-tay/macbook-air-13-m5-2026-10cpu-10gpu-32gb-4tb-70w?sku=00926987,https://cdn2.fptshop.com.vn/unsafe/macbook_air_13_m5_silver_1_aaf300c0db.png,fpt,,,1.0,1.0,0.8549848942598187,0.5,0.0,0.5,0.48,0.1925,0.5,0.48062499999999997,0.55815625,0.5581875000000001,0.49128125,0.6000000000000001,0.5092953125,False,False,False,False,False,True,False
MacBook Air 13 M5 2026 10CPU/10GPU/32GB/4TB/70W,apple,Apple,m5,nan,nan,32,,,4000.0,13.6,,nan,Apple,Apple M5 10-core GPU,Integrated,nan,nan,nan,nan,73490000,nan,False,0,,In Stock,https://fptshop.com.vn/may-tinh-xach-tay/macbook-air-13-m5-2026-10cpu-10gpu-32gb-4tb-70w?sku=00926986,https://cdn2.fptshop.com.vn/unsafe/macbook_air_13_m5_silver_1_aaf300c0db.png,fpt,,,1.0,1.0,0.8549848942598187,0.5,0.0,0.5,0.48,0.1925,0.5,0.48062499999999997,0.55815625,0.5581875000000001,0.49128125,0.6000000000000001,0.5092953125,False,False,False,False,False,True,False
MacBook Pro 14 M5 2025 10CPU/10GPU/24GB/1TB Nano,apple,Apple,m5,nan,nan,24,,,1000.0,14.2,,nan,Apple,Apple M5 10-core GPU,Integrated,nan,24 hours,nan,24.0,54990000,nan,False,0,,In Stock,https://fptshop.com.vn/may-tinh-xach-tay/macbook-pro-14-m5-2025-10cpu10gpu24gb1tb-nano?sku=00923474,https://cdn2.fptshop.com.vn/unsafe/macbook_pro_14_m5_2025_den_1_c0818fdf94.jpg,fpt,,,0.6153846153846153,0.3279569892473118,0.5755287009063444,0.5,0.2499999999999998,0.5,0.48,0.1925,0.5,0.35572839123242345,0.46923979011579814,0.46302620967741936,0.4350777760545905,0.55,0.43028993615591393,False,False,False,False,False,False,False
"Laptop Acer Acer Gaming Predator Helios 16 AI PH16-73-93HD Ultra 9 275HX /AI/32GB/1TB/16"" OLED/GeForce RTX 5070Ti 12GB/Win11",acer,Intel,core ultra 9,9.0,nan,32,,,1000.0,16.0,,nan,NVIDIA,RTX 5070 Ti,Dedicated,nan,nan,nan,nan,82990000,nan,False,0,,In Stock,https://fptshop.com.vn/may-tinh-xach-tay/acer-gaming-predator-helios-16-ai-ph16-73-93hd-ultra-9-275hx?sku=00923430,https://cdn2.fptshop.com.vn/unsafe/00923430_acer_gaming_predator_ai_ph16_73_black_01_91338c8494.png,fpt,,,1.0,0.3279569892473118,0.9984894259818731,0.5,1.0,0.5,0.64,0.687857142857143,0.5,0.6843314132104457,0.7050828533026114,0.7072994239631337,0.5829491359447005,0.4,0.5818431057987712,True,True,False,False,False,False,True
MacBook Pro 14 M5 2025 10CPU/10GPU/24GB/1TB Nano,apple,Apple,m5,nan,nan,24,,,1000.0,14.2,,nan,Apple,Apple M5 10-core GPU,Integrated,nan,24 hours,nan,24.0,54990000,nan,False,0,,In Stock,https://fptshop.com.vn/may-tinh-xach-tay/macbook-pro-14-m5-2025-10cpu10gpu24gb1tb-nano?sku=00923475,https://cdn2.fptshop.com.vn/unsafe/macbook_pro_14_m5_2025_den_1_c0818fdf94.jpg,fpt,,,0.6153846153846153,0.3279569892473118,0.5755287009063444,0.5,0.2499999999999998,0.5,0.48,0.1925,0.5,0.35572839123242345,0.46923979011579814,0.46302620967741936,0.4350777760545905,0.55,0.43028993615591393,False,False,False,False,False,False,False
"Laptop Lenovo Gaming LOQ 15ARP9 R5-7235HS/16GB/512GB/15.6""FHD/RTX 3050 6GB/Win 11",lenovo,AMD,ryzen 5,5.0,nan,16,,,512.0,15.6,,nan,NVIDIA,RTX 3050,Dedicated,nan,nan,nan,nan,24590000,nan,False,0,,In Stock,https://fptshop.com.vn/may-tinh-xach-tay/lenovo-gaming-loq-15arp9-r5-7235hs-83jc00lvvn?sku=00922315,https://cdn2.fptshop.com.vn/unsafe/lenovo_loq_15arp9_xam_1_b24b7d71b5.png,fpt,,,0.23076923076923067,0.0,0.1163141993957704,0.5,0.8333333333333333,0.5,0.64,0.4481428571428572,0.5,0.42827967032967035,0.5256853021978022,0.5150992857142858,0.4677258516483517,0.43333333333333335,0.44704118452380953,False,False,False,False,False,False,True
"Laptop MSI Gaming Katana 15 HX B14WEK-286VN i5 14450HX/AI/16GB/512GB/15.6""QHD/RTX5050 8GB/Win11_Balo",msi,nan,core i5,nan,nan,16,,,512.0,15.6,,nan,NVIDIA,RTX 5070,Dedicated,nan,nan,nan,nan,38990000,nan,False,0,,In Stock,https://fptshop.com.vn/may-tinh-xach-tay/msi-gaming-katana-15-hx-b14wek-286vn-i5-14450hx?sku=00920579,https://cdn2.fptshop.com.vn/unsafe/00920579_msi_gaming_katana_15hx_b14wx_black_01_dfd0b06a59.png,fpt,,,0.23076923076923067,0.0,0.3338368580060423,0.5,0.8333333333333333,0.5,0.64,0.341,0.5,0.38006538461538464,0.5136317307692307,0.500635,0.44602942307692306,0.43333333333333335,0.42040279166666666,False,False,False,False,False,False,True
MacBook Pro 16 M5 Pro 2026 18CPU/20GPU/64GB/4TB/140W,apple,Apple,m5 pro,nan,nan,64,,,4000.0,16.2,,nan,Apple,Apple M5 PRO 20-core GPU,Integrated,nan,24 hours,nan,24.0,115990000,nan,False,0,,In Stock,https://fptshop.com.vn/may-tinh-xach-tay/macbook-pro-16-m5-pro-2026-18cpu-20gpu-64gb-4tb?sku=00927004,https://cdn2.fptshop.com.vn/unsafe/macbook_pro_16_m5_pro_space_black_1_c109d9bb4e.png,fpt,,,1.0,1.0,1.0,0.5,1.0,0.5,0.48,0.1925,0.5,0.48062499999999997,0.55815625,0.5581875000000001,0.49128125,0.4,0.4692953125,False,False,False,False,False,False,True
"Laptop Asus Gaming ROG Strix G16 G614PR-TS103W R9 8940HX/AI/16GB/512GB/16""/GeForce RTX5070Ti 12GB/Win11",asus,AMD,ryzen 9,9.0,nan,16,,,512.0,16.0,,nan,NVIDIA,RTX 5070 Ti,Dedicated,nan,nan,nan,nan,71490000,nan,False,0,,In Stock,https://fptshop.com.vn/may-tinh-xach-tay/asus-gaming-rog-strix-g16-g614pr-ts103w-r9-8940hx?sku=00928777,https://cdn2.fptshop.com.vn/unsafe/asus_gaming_rog_strix_g614_logo_ai_7bf8ec880b.png,fpt,,,0.23076923076923067,0.0,0.824773413897281,0.5,1.0,0.5,0.64,0.687857142857143,0.5,0.536151098901099,0.5526531593406594,0.5474607142857143,0.5162679945054945,0.4,0.49997348214285725,False,False,False,False,False,False,True
MacBook Pro 14 M5 Max 2026 18CPU/40GPU/48GB/2TB/96W,apple,Apple,m5 max,nan,nan,48,,,2000.0,14.0,,nan,Apple,Apple M5 MAX 40-core GPU,Integrated,nan,nan,nan,nan,110490000,nan,False,0,,In Stock,https://fptshop.com.vn/may-tinh-xach-tay/macbook-pro-14-m5-max-2026-18cpu-40gpu-48gb-2tb-96w?sku=00926976,https://cdn2.fptshop.com.vn/unsafe/macbook_pro_14_m5_max_space_black_1_81ca8128a3.png,fpt,,,1.0,1.0,1.0,0.5,0.1666666666666668,0.5,0.48,0.1925,0.5,0.48062499999999997,0.55815625,0.5581875000000001,0.49128125,0.5666666666666667,0.5026286458333333,False,False,False,False,False,True,False
"Laptop Acer Gaming Nitro ProPanel ANV16S-61-R9ZV Ryzen 7 350/AI/32GB/1TB/16""2K/Nvidia GeForce RTX5060 8GB/Win11",acer,AMD,ryzen ai 7,7.0,nan,32,,,1000.0,16.0,,nan,NVIDIA,RTX 5060,Dedicated,nan,nan,nan,nan,54990000,nan,False,0,,In Stock,https://fptshop.com.vn/may-tinh-xach-tay/acer-gaming-nitro-v-16-ai-propanel-anv16s-61-r9zv-ryzen-ai-7-350?sku=00920708,https://cdn2.fptshop.com.vn/unsafe/acer_nitro_propanel_anv16s_61_logo_ai_b7023dae6f.png,fpt,,,1.0,0.3279569892473118,0.5755287009063444,0.5,1.0,0.5,0.64,0.3425,0.5,0.5289206989247313,0.6662301747311828,0.6606762096774195,0.513014314516129,0.4,0.495978686155914,True,True,False,False,False,False,True
Laptop HP EliteBook 6 G1i Core Ultra 7-255H/AI/16GB/512GB/14 inch WUXGA/Win 11 (BQ9N4PT),hp,Intel,core ultra 7,7.0,nan,16,,,512.0,14.0,,nan,Intel,Intel Graphics,Integrated,nan,nan,nan,nan,36990000,nan,False,0,,In Stock,https://fptshop.com.vn/may-tinh-xach-tay/hp-elitebook-6-g1i-core-ultra-7-255h-bq9n4pt?sku=00923809,https://cdn2.fptshop.com.vn/unsafe/hp_elitebook_6_bac_01_76ef82bdbf.png,fpt,,,0.23076923076923067,0.0,0.30362537764350456,0.5,0.1666666666666668,0.5,0.48,0.5790000000000001,0.5,0.4391653846153847,0.43240673076923075,0.430365,0.4726244230769231,0.5666666666666667,0.4797222083333334,False,False,False,False,False,True,False
MacBook Air 15 M5 2026 10CPU/10GPU/24GB/1TB/35W,apple,Apple,m5,nan,nan,24,,,1000.0,15.3,,nan,Apple,Apple M5 10-core GPU,Integrated,nan,18 hours,nan,18.0,45490000,nan,False,0,,In Stock,https://fptshop.com.vn/may-tinh-xach-tay/macbook-air-15-m5-2026-10cpu-10gpu-24gb-1tb?sku=00926570,https://cdn2.fptshop.com.vn/unsafe/macbook_air_15_m5_starlight_1_2525c13b7c.png,fpt,,,0.6153846153846153,0.3279569892473118,0.43202416918429004,0.5,0.7083333333333337,0.5,0.48,0.1925,0.5,0.35572839123242345,0.46923979011579814,0.46302620967741936,0.4350777760545905,0.45833333333333326,0.4119566028225806,False,False,False,False,False,False,False
MacBook Air 15 M5 2026 10CPU/10GPU/24GB/1TB/35W,apple,Apple,m5,nan,nan,24,,,1000.0,15.3,,nan,Apple,Apple M5 10-core GPU,Integrated,nan,18 hours,nan,18.0,45490000,nan,False,0,,In Stock,https://fptshop.com.vn/may-tinh-xach-tay/macbook-air-15-m5-2026-10cpu-10gpu-24gb-1tb?sku=00926568,https://cdn2.fptshop.com.vn/unsafe/macbook_air_15_m5_starlight_1_2525c13b7c.png,fpt,,,0.6153846153846153,0.3279569892473118,0.43202416918429004,0.5,0.7083333333333337,0.5,0.48,0.1925,0.5,0.35572839123242345,0.46923979011579814,0.46302620967741936,0.4350777760545905,0.45833333333333326,0.4119566028225806,False,False,False,False,False,False,False
MacBook Air 15 M5 2026 10CPU/10GPU/24GB/1TB,apple,Apple,m5,nan,nan,24,,,1000.0,15.3,,nan,Apple,Apple M5 10-core GPU,Integrated,nan,18 hours,nan,18.0,45490000,nan,False,0,,In Stock,https://fptshop.com.vn/may-tinh-xach-tay/macbook-air-15-m5-2026-10cpu-10gpu-24gb-1tb?sku=00926571,https://cdn2.fptshop.com.vn/unsafe/macbook_air_15_m5_starlight_1_2525c13b7c.png,fpt,,,0.6153846153846153,0.3279569892473118,0.43202416918429004,0.5,0.7083333333333337,0.5,0.48,0.1925,0.5,0.35572839123242345,0.46923979011579814,0.46302620967741936,0.4350777760545905,0.45833333333333326,0.4119566028225806,False,False,False,False,False,False,False
MacBook Pro 14 inch M5 2025 10CPU/10GPU/32GB/512GB 96W Nano,apple,Apple,m5,nan,nan,32,,,512.0,14.2,,nan,Apple,Apple M5 10-core GPU,Integrated,nan,24 hours,nan,24.0,54990000,nan,False,0,,In Stock,https://fptshop.com.vn/may-tinh-xach-tay/macbook-pro-14-m5-2025-10cpu-10gpu-32gb-512gb-96w-nano?sku=00925046,https://cdn2.fptshop.com.vn/unsafe/macbook_pro_14_m5_2025_den_1_c0818fdf94.jpg,fpt,,,1.0,0.0,0.5755287009063444,0.5,0.2499999999999998,0.5,0.48,0.1925,0.5,0.380625,0.53315625,0.5281875,0.44628124999999996,0.55,0.4440453125,False,False,False,False,False,False,False
MacBook Pro 14 inch M5 2025 10CPU/10GPU/32GB/512GB 96W Nano,apple,Apple,m5,nan,nan,32,,,512.0,14.2,,nan,Apple,Apple M5 10-core GPU,Integrated,nan,24 hours,nan,24.0,54990000,nan,False,0,,In Stock,https://fptshop.com.vn/may-tinh-xach-tay/macbook-pro-14-m5-2025-10cpu-10gpu-32gb-512gb-96w-nano?sku=00925047,https://cdn2.fptshop.com.vn/unsafe/macbook_pro_14_m5_2025_den_1_c0818fdf94.jpg,fpt,,,1.0,0.0,0.5755287009063444,0.5,0.2499999999999998,0.5,0.48,0.1925,0.5,0.380625,0.53315625,0.5281875,0.44628124999999996,0.55,0.4440453125,False,False,False,False,False,False,False
MacBook Air 15 M4 2025 10CPU/10GPU/24GB/512GB,apple,Apple,m4,nan,nan,24,,,512.0,15.3,,nan,Apple,Apple M4 10-core GPU,Integrated,nan,18 hours,nan,18.0,33990000,nan,False,0,,In Stock,https://fptshop.com.vn/may-tinh-xach-tay/macbook-air-15-m4-2025-10cpu-10gpu-24gb-512gb?sku=00917118,https://cdn2.fptshop.com.vn/unsafe/macbook_air_15_m4_2025_xanh_1_09060cca6d.jpg,fpt,,,0.6153846153846153,0.0,0.2583081570996979,0.5,0.7083333333333337,0.5,0.48,0.41800000000000004,0.5,0.4244076923076923,0.48640961538461536,0.48363,0.4659834615384615,0.45833333333333326,0.4499019166666667,False,False,False,False,False,False,False
"Laptop Asus Gaming ROG Strix G16 G614PW-TS051W R9 8940HX/AI/16GB/1TB/16""/GeForce RTX5080 16GB/Win11",asus,AMD,ryzen 9,9.0,nan,16,,,1000.0,16.0,,nan,NVIDIA,RTX 5080,Dedicated,nan,nan,nan,nan,81490000,nan,False,0,,In Stock,https://fptshop.com.vn/may-tinh-xach-tay/asus-gaming-rog-strix-g16-g614pw-ts051w-r9-8940hx?sku=00928776,https://cdn2.fptshop.com.vn/unsafe/asus_gaming_rog_strix_g614_logo_ai_7bf8ec880b.png,fpt,,,0.23076923076923067,0.3279569892473118,0.9758308157099698,0.5,1.0,0.5,0.64,0.687857142857143,0.5,0.5689467978258302,0.5608520840718422,0.5572994239631337,0.5310260590216236,0.4,0.5180931057987712,False,False,False,False,False,False,True
"Laptop Dell 14 DC14255 Ryzen AI 5 330/16GB/512GB/14"" FHD+/Win 11/Office Home 2024/Microsoft 365 (DC4AI5278W1)",dell,AMD,ryzen ai 5,5.0,nan,16,,,512.0,14.0,,nan,AMD,AMD Radeon Graphics,Integrated,nan,nan,nan,nan,25990000,nan,False,0,,In Stock,https://fptshop.com.vn/may-tinh-xach-tay/dell-14-dc14255-ryzen-ai-5-330-dc4ai5278w1?sku=00927403,https://cdn2.fptshop.com.vn/unsafe/dell_14_dc14255_bac_01_c517769386.png,fpt,,,0.23076923076923067,0.0,0.13746223564954682,0.5,0.1666666666666668,0.5,0.48,0.29964285714285716,0.5,0.31345467032967034,0.40097905219780217,0.3926517857142857,0.4160546016483516,0.5666666666666667,0.4102670386904762,False,False,False,False,False,True,False
"Laptop Dell Inspiron 15 3530 i7 1355U/16GB/512GB/15.6""FHD/Win11/Office HS24/OS365",dell,nan,core i7,nan,nan,16,,,512.0,15.6,,nan,Intel,Intel Iris Xe,Integrated,nan,nan,nan,nan,24990000,nan,False,0,,In Stock,https://fptshop.com.vn/may-tinh-xach-tay/dell-inspiron-15-3530-i7-1355un3530-i7u161w11slu-bl?sku=00919252,https://cdn2.fptshop.com.vn/unsafe/dell_inspiron_15_3530_sliver_049b98a1a0.png,fpt,,,0.23076923076923067,0.0,0.12235649546827794,0.5,0.8333333333333333,0.5,0.48,0.42900000000000005,0.5,0.3716653846153846,0.4155317307692307,0.410115,0.44224942307692305,0.43333333333333335,0.41576179166666666,False,False,False,False,False,False,True
MacBook Pro 16 M5 Max 2026 18CPU/40GPU/64GB/4TB/Nano/140W,apple,Apple,m5 max,nan,nan,64,,,4000.0,16.2,,nan,Apple,Apple M5 MAX 40-core GPU,Integrated,nan,nan,nan,nan,144990000,nan,False,0,,In Stock,https://fptshop.com.vn/may-tinh-xach-tay/macbook-pro-16-m5-max-2026-18cpu-40gpu-64gb-4tb-nano?sku=00927002,https://cdn2.fptshop.com.vn/unsafe/macbook_pro_16_m5_max_space_black_1_8c71526cef.png,fpt,,,1.0,1.0,1.0,0.5,1.0,0.5,0.48,0.1925,0.5,0.48062499999999997,0.55815625,0.5581875000000001,0.49128125,0.4,0.4692953125,False,False,False,False,False,False,True
MacBook Pro 16 M5 Max 2026 18CPU/32GPU/36GB/2TB/140W,apple,Apple,m5 max,nan,nan,36,,,2000.0,16.2,,nan,Apple,Apple M5 MAX 32-core GPU,Integrated,nan,22 hours,nan,22.0,103990000,nan,False,0,,In Stock,https://fptshop.com.vn/may-tinh-xach-tay/macbook-pro-16-m5-max-2026-18cpu-32gpu-36gb-2tb?sku=00926615,https://cdn2.fptshop.com.vn/unsafe/macbook_pro_16_m5_max_silver_1_0cbe5d08a3.png,fpt,,,1.0,1.0,1.0,0.5,1.0,0.5,0.48,0.1925,0.5,0.48062499999999997,0.55815625,0.5581875000000001,0.49128125,0.4,0.4692953125,False,False,False,False,False,False,True
MacBook Pro 16 M5 Max 2026 18CPU/32GPU/36GB/2TB/140W,apple,Apple,m5 max,nan,nan,36,,,2000.0,16.2,,nan,Apple,Apple M5 MAX 32-core GPU,Integrated,nan,22 hours,nan,22.0,103990000,nan,False,0,,In Stock,https://fptshop.com.vn/may-tinh-xach-tay/macbook-pro-16-m5-max-2026-18cpu-32gpu-36gb-2tb?sku=00926616,https://cdn2.fptshop.com.vn/unsafe/macbook_pro_16_m5_max_silver_1_0cbe5d08a3.png,fpt,,,1.0,1.0,1.0,0.5,1.0,0.5,0.48,0.1925,0.5,0.48062499999999997,0.55815625,0.5581875000000001,0.49128125,0.4,0.4692953125,False,False,False,False,False,False,True
"Laptop Lenovo V15 G4 IRU i7-13620H/16GB/512GB/15.6"" FHD/Win 11",lenovo,Intel,i7-13620h,13.0,nan,16,,,512.0,15.6,,nan,Intel,Intel UHD,Integrated,nan,nan,nan,nan,21490000,nan,False,0,,In Stock,https://fptshop.com.vn/may-tinh-xach-tay/lenovo-v15-g4-iru-i7-13620h-83a100rhvn?sku=00916693,https://cdn2.fptshop.com.vn/unsafe/Lenovo_V15_G4_IRU_xam_1_7ca3cff92e.jpg,fpt,,,0.23076923076923067,0.0,0.06948640483383686,0.5,0.8333333333333333,0.5,0.48,0.7075714285714286,0.5,0.4970225274725275,0.44687101648351646,0.44772214285714285,0.49866013736263737,0.43333333333333335,0.4850216130952381,False,False,False,False,False,False,True
MacBook Pro 14 M5 2025 10CPU/10GPU/16GB/512GB Nano,apple,Apple,m5,nan,nan,16,,,512.0,14.2,,nan,Apple,Apple M5 10-core GPU,Integrated,nan,24 hours,nan,24.0,43990000,nan,False,0,,In Stock,https://fptshop.com.vn/may-tinh-xach-tay/macbook-pro-14-m5-2025-10cpu-10gpu-16gb-512gb-nano?sku=00923472,https://cdn2.fptshop.com.vn/unsafe/macbook_pro_14_m5_2025_den_1_c0818fdf94.jpg,fpt,,,0.23076923076923067,0.0,0.4093655589123867,0.5,0.2499999999999998,0.5,0.48,0.1925,0.5,0.2652403846153846,0.3889254807692307,0.3781875,0.394358173076923,0.55,0.3802953124999999,False,False,False,False,False,False,False
MacBook Air 13 M4 2025 10CPU/10GPU/32GB/1TB,apple,Apple,m4,nan,nan,32,,,1000.0,13.6,,nan,Apple,Apple M4 10-core GPU,Integrated,nan,18 hours,nan,18.0,38990000,nan,False,0,,In Stock,https://fptshop.com.vn/may-tinh-xach-tay/macbook-air-13-m4-2025-10cpu-10gpu-32gb-1tb?sku=00917868,https://cdn2.fptshop.com.vn/unsafe/macbook_air_13_m4_2025_bac_1_0d96e9b352.jpg,fpt,,,1.0,0.3279569892473118,0.3338368580060423,0.5,0.0,0.5,0.48,0.41800000000000004,0.5,0.5148956989247312,0.5667239247311828,0.5684687096774194,0.506703064516129,0.6000000000000001,0.528229873655914,False,False,False,False,False,True,False
MacBook Air M3 15 2024 8CPU 10GPU/16GB/512GB,apple,Apple,m3,nan,nan,16,,,512.0,15.3,,nan,Apple,Apple M3 10-core GPU,Integrated,nan,18 hours,nan,18.0,27990000,nan,False,0,,In Stock,https://fptshop.com.vn/may-tinh-xach-tay/macbook-air-m3-15-2024-8cpu-10gpu-16gb-512gb?sku=00910290,https://cdn2.fptshop.com.vn/unsafe/2024_3_18_638463800902048060_macbook-air-m3-15-2024-bac-1.jpg,fpt,,,0.23076923076923067,0.0,0.16767371601208458,0.5,0.7083333333333337,0.5,0.48,0.41800000000000004,0.5,0.3667153846153846,0.4142942307692307,0.40863,0.440021923076923,0.45833333333333326,0.41802691666666664,False,False,False,False,False,False,False
"Laptop Lenovo ThinkBook 16 G8 IAL Ultra 7-255H/AI/16GB/1TB/16.0"" WUXGA/Win 11",lenovo,Intel,ultra 7,7.0,nan,16,,,1000.0,16.0,,nan,Intel,Intel Graphics,Integrated,nan,nan,nan,nan,32490000,nan,False,0,,In Stock,https://fptshop.com.vn/may-tinh-xach-tay/lenovo-thinkbook-16-g8-ial-ultra-7-255h-21sk0073vn?sku=00922312,https://cdn2.fptshop.com.vn/unsafe/00922312_lenovo_thinkbook_16_g8_ial_01_677b932811.png,fpt,,,0.23076923076923067,0.3279569892473118,0.23564954682779457,0.5,1.0,0.5,0.48,0.5790000000000001,0.5,0.47196108354011584,0.44060565550041353,0.4402037096774194,0.48738248759305214,0.4,0.464508498655914,False,False,False,False,False,False,True
"Laptop Lenovo IdeaPad Slim 3 15Q8X10 Snap X X1-26-100 /AI/16GB/512GB/15.3""WUXGA/Win11",lenovo,Qualcomm,x1-26-100,nan,nan,16,,,512.0,15.3,,nan,Qualcomm,Qualcomm Adreno,Integrated,nan,nan,nan,nan,20990000,nan,False,0,,In Stock,https://fptshop.com.vn/may-tinh-xach-tay/lenovo-ideapad-slim-3-15q8x10-snapx-x1-26-100-83n3002pvn?sku=00919956,https://cdn2.fptshop.com.vn/unsafe/00919956_lenovo_ideapad_slim_3_15q8x10_01_895320df0a.png,fpt,,,0.23076923076923067,0.0,0.061933534743202415,0.5,0.7083333333333337,0.5,0.45,0.1925,0.5,0.2562403846153846,0.3686754807692308,0.3589875,0.3903081730769231,0.45833333333333326,0.3569894791666667,False,False,False,False,False,False,False
"Laptop Lenovo Gaming LOQ 15IRX10 i7 13650HX/AI/32GB/512GB/15.6""FHD/RTX 5050 8GB",lenovo,nan,core i7,nan,nan,32,,,512.0,15.6,,nan,NVIDIA,RTX 5050,Dedicated,nan,nan,nan,nan,37990000,nan,False,0,,In Stock,https://fptshop.com.vn/may-tinh-xach-tay/lenovo-gaming-loq-15irx10-i7-13650hx-83je00pevn?sku=00922478,https://cdn2.fptshop.com.vn/unsafe/00922478_lenovo_gaming_loq_15irx10_xam_01_8808592376.png,fpt,,,1.0,0.0,0.3187311178247734,0.5,0.8333333333333333,0.5,0.7,0.42900000000000005,0.5,0.55305,0.7082625,0.7009150000000001,0.5238725,0.43333333333333335,0.5159767916666667,True,True,False,False,False,False,True
"Laptop Asus Vivobook S16 S3607AA-SH043W Ultra 7 355/AI/16GB/512GB/16"" OLED/Win11",asus,Intel,core ultra 7,7.0,nan,16,,,512.0,16.0,,nan,Intel,Intel Graphics,Integrated,nan,nan,nan,nan,30690000,nan,False,0,,In Stock,https://fptshop.com.vn/may-tinh-xach-tay/asus-vivobook-s16-s3607aa-sh043w-ultra-7-355?sku=00928651,https://cdn2.fptshop.com.vn/unsafe/asus_vivobook_s16_s3607_logo_ai_df8edd664e.png,fpt,,,0.23076923076923067,0.0,0.2084592145015106,0.5,1.0,0.5,0.48,0.5790000000000001,0.5,0.4391653846153847,0.43240673076923075,0.430365,0.4726244230769231,0.4,0.4463888750000001,False,False,False,False,False,False,True
"Laptop Asus Zenbook 14 UX3405CA-ST648W Ultra 9- 285H/AI/32GB/1TB/14"" 3K OLED/Win11",asus,Intel,core ultra 9,9.0,nan,32,,,1000.0,14.0,,nan,Intel,Intel Arc Graphics,Integrated,nan,nan,nan,nan,38190000,nan,False,0,,In Stock,https://fptshop.com.vn/may-tinh-xach-tay/asus-zenbook-14-ux3405ca-st648w-ultra-9-285h?sku=00925802,https://cdn2.fptshop.com.vn/unsafe/00915959_asus_zenbook_14_ux3405_blue_01_8f973299ac.png,fpt,,,1.0,0.3279569892473118,0.3217522658610272,0.5,0.1666666666666668,0.5,0.48,0.687857142857143,0.5,0.6363314132104456,0.5970828533026113,0.6048994239631337,0.5613491359447005,0.5666666666666667,0.5886564391321045,False,True,False,False,False,True,False
"Laptop Asus Gaming ROG Strix G16 G614PH-TS118W R9 8940HX/AI/16GB/512GB/16""/GeForce RTX5050 8GB/Win11",asus,AMD,ryzen 9,9.0,nan,16,,,512.0,16.0,,nan,NVIDIA,RTX 5050,Dedicated,nan,nan,nan,nan,48490000,nan,False,0,,In Stock,https://fptshop.com.vn/may-tinh-xach-tay/asus-gaming-rog-strix-g16-g614ph-ts118w-r9-8940hx?sku=00928647,https://cdn2.fptshop.com.vn/unsafe/asus_gaming_rog_strix_g614_logo_ai_7bf8ec880b.png,fpt,,,0.23076923076923067,0.0,0.4773413897280967,0.5,1.0,0.5,0.64,0.687857142857143,0.5,0.536151098901099,0.5526531593406594,0.5474607142857143,0.5162679945054945,0.4,0.49997348214285725,False,False,False,False,False,False,True
"Laptop Acer Gaming Predator Triton 14 AI PT14-52T-99TU Ultra 9 288V/32GB/2TB/14.5"" 2.8K+/Nvidia GeForce RTX5070 8GB/Win11",acer,Intel,core ultra 9,9.0,nan,32,,,2000.0,14.5,,nan,NVIDIA,RTX 5070 Ti,Dedicated,nan,nan,nan,nan,93990000,nan,False,0,,In Stock,https://fptshop.com.vn/may-tinh-xach-tay/acer-gaming-predator-triton-14-ai-pt14-52t-99tu-u9-288v?sku=00920712,https://cdn2.fptshop.com.vn/unsafe/acer_gaming_predator_triton_14_ai_pt14_52t_black_logo_ai_8939d4fa64.png,fpt,,,1.0,1.0,1.0,0.5,0.3750000000000001,0.5,0.64,0.687857142857143,0.5,0.7515357142857144,0.7218839285714286,0.7274607142857143,0.6131910714285714,0.525,0.6439734821428571,True,True,True,False,False,False,False
"Laptop MSI Gaming Stealth A16 AI+ A3XVGG-208VN Ryzen AI 9 HX 370/32GB/2TB/16""UHD+/RTX4070 8GB/Win11",msi,AMD,ryzen ai 9,9.0,nan,32,,,2000.0,16.0,,nan,NVIDIA,RTX 4070,Dedicated,nan,nan,nan,nan,67990000,nan,False,0,,In Stock,https://fptshop.com.vn/may-tinh-xach-tay/msi-gaming-stealth-a16-ai-a3xvgg-208vn,https://cdn2.fptshop.com.vn/unsafe/00913091_msi_stealth_a16_ai_plus_1_2d352a7197.png,fpt,,,1.0,1.0,0.7719033232628398,0.5,1.0,0.5,0.48,0.38535714285714284,0.5,0.5674107142857142,0.5798526785714285,0.5842232142857143,0.5303348214285714,0.4,0.5172444196428572,False,False,False,False,False,False,True
MacBook Pro 16 M4 Pro 2024 14CPU/20GPU/48GB/512GB,apple,Apple,m4 pro,nan,nan,48,,,512.0,16.2,,nan,Apple,Apple M4 PRO 20-core GPU,Integrated,nan,24 hours,nan,24.0,73490000,nan,False,0,,In Stock,https://fptshop.com.vn/may-tinh-xach-tay/macbook-pro-m4-pro-16-2024-14cpu-20gpu-48gb-512gb?sku=00912925,https://cdn2.fptshop.com.vn/unsafe/macbook_pro_16_m4_pro_max_space_black_1_12ba6fd489.png,fpt,,,1.0,0.0,0.8549848942598187,0.5,1.0,0.5,0.48,0.41800000000000004,0.5,0.4821,0.5585249999999999,0.55863,0.49194499999999997,0.4,0.47011025,False,False,False,False,False,False,True
MacBook Pro 14 M4 Pro 2024 12CPU/16GPU/48GB/512GB 96W Nano,apple,Apple,m4 pro,nan,nan,48,,,512.0,14.2,,nan,Apple,Apple M4 PRO 16-core GPU,Integrated,nan,24 hours,nan,24.0,62490000,nan,False,0,,In Stock,https://fptshop.com.vn/may-tinh-xach-tay/macbook-pro-14-m4-pro-2024-12cpu-16gpu-48gb-512gb-96w-nano?sku=00925042,https://cdn2.fptshop.com.vn/unsafe/macbook_pro_14_m4_pro_max_silver_1_5f5be1163b.png,fpt,,,1.0,0.0,0.6888217522658611,0.5,0.2499999999999998,0.5,0.48,0.41800000000000004,0.5,0.4821,0.5585249999999999,0.55863,0.49194499999999997,0.55,0.50011025,False,False,False,False,False,False,False
"Laptop Masstel E140 Celeron N4120/4GB/128GB/14""HD/Win10",masstel,nan,celeron,nan,nan,4,,,128.0,14.0,,nan,Intel,Intel UHD,Integrated,1.35,nan,nan,nan,6890000,nan,False,0,,In Stock,https://fptshop.com.vn/may-tinh-xach-tay/masstel-e140-celeron-n4120?sku=00800737,https://cdn2.fptshop.com.vn/unsafe/2023_3_23_638151600474103309_masstel-e140-celeron-n4120-xam-dd.jpg,fpt,,,0.0,0.0,0.0,0.3076923076923068,0.1666666666666668,0.5,0.48,0.1925,0.5,0.230625,0.34565625,0.3331875,0.3114735576923074,0.48012820512820475,0.31690749198717927,False,False,False,False,True,True,False
MacBook Pro 14 M4 Pro 2024 12CPU/16GPU/48GB/512GB 96W Nano,apple,Apple,m4 pro,nan,nan,48,,,512.0,14.2,,nan,Apple,Apple M4 PRO 16-core GPU,Integrated,nan,24 hours,nan,24.0,62490000,nan,False,0,,In Stock,https://fptshop.com.vn/may-tinh-xach-tay/macbook-pro-14-m4-pro-2024-12cpu-16gpu-48gb-512gb-96w-nano?sku=00925043,https://cdn2.fptshop.com.vn/unsafe/macbook_pro_14_m4_pro_max_silver_1_5f5be1163b.png,fpt,,,1.0,0.0,0.6888217522658611,0.5,0.2499999999999998,0.5,0.48,0.41800000000000004,0.5,0.4821,0.5585249999999999,0.55863,0.49194499999999997,0.55,0.50011025,False,False,False,False,False,False,False
MacBook Pro 14 M5 2025 10CPU/10GPU/16GB/1TB Nano,apple,Apple,m5,nan,nan,16,,,1000.0,14.2,,nan,Apple,Apple M5 10-core GPU,Integrated,nan,24 hours,nan,24.0,49990000,nan,False,0,,In Stock,https://fptshop.com.vn/may-tinh-xach-tay/macbook-pro-14-m5-2025-10cpu-10gpu-16gb-1tb-nano?sku=00923479,https://cdn2.fptshop.com.vn/unsafe/macbook_pro_14_m5_2025_den_1_c0818fdf94.jpg,fpt,,,0.23076923076923067,0.3279569892473118,0.5,0.5,0.2499999999999998,0.5,0.48,0.1925,0.5,0.29803608354011574,0.3971244055004135,0.38802620967741935,0.40911623759305205,0.55,0.39841493615591395,False,False,False,False,False,False,False
MacBook Pro 14 M5 2025 10CPU/10GPU/16GB/1TB Nano,apple,Apple,m5,nan,nan,16,,,1000.0,14.2,,nan,Apple,Apple M5 10-core GPU,Integrated,nan,24 hours,nan,24.0,49990000,nan,False,0,,In Stock,https://fptshop.com.vn/may-tinh-xach-tay/macbook-pro-14-m5-2025-10cpu-10gpu-16gb-1tb-nano?sku=00923478,https://cdn2.fptshop.com.vn/unsafe/macbook_pro_14_m5_2025_den_1_c0818fdf94.jpg,fpt,,,0.23076923076923067,0.3279569892473118,0.5,0.5,0.2499999999999998,0.5,0.48,0.1925,0.5,0.29803608354011574,0.3971244055004135,0.38802620967741935,0.40911623759305205,0.55,0.39841493615591395,False,False,False,False,False,False,False
MacBook Pro 16 M4 Pro 2024 14CPU/20GPU/48GB/512GB,apple,Apple,m4 pro,nan,nan,48,,,512.0,16.2,,nan,Apple,Apple M4 PRO 20-core GPU,Integrated,nan,24 hours,nan,24.0,73490000,nan,False,0,,In Stock,https://fptshop.com.vn/may-tinh-xach-tay/macbook-pro-16-m4-pro-2024-14cpu-20gpu-48gb-512gb?sku=00926125,https://cdn2.fptshop.com.vn/unsafe/macbook_pro_16_m4_pro_max_space_black_1_12ba6fd489.png,fpt,,,1.0,0.0,0.8549848942598187,0.5,1.0,0.5,0.48,0.41800000000000004,0.5,0.4821,0.5585249999999999,0.55863,0.49194499999999997,0.4,0.47011025,False,False,False,False,False,False,True
"Laptop Asus Vivobook S 14 OLED M5406WA-PP071WS Ryzen AI 9 HX 370/32GB/1TB/14"" 3K/Win11",asus,AMD,ryzen ai 9,9.0,nan,32,,,1000.0,14.0,,nan,AMD,AMD Radeon Graphics,Integrated,nan,nan,nan,nan,33390000,nan,False,0,,In Stock,https://fptshop.com.vn/may-tinh-xach-tay/asus-vivobook-s-14-oled-m5406wa-pp071ws?sku=00911034,https://cdn2.fptshop.com.vn/unsafe/00911034_asus_vivobook_s_14_m5406_silver_668c3242c8.png,fpt,,,1.0,0.3279569892473118,0.24924471299093656,0.5,0.1666666666666668,0.5,0.48,0.38535714285714284,0.5,0.5002064132104455,0.5630516033026114,0.5640619239631337,0.5000928859447005,0.5666666666666667,0.5134473766321044,False,False,False,False,False,True,False
"Laptop Asus Gaming ROG Zephyrus G14 GA403GM-SY004W RYZEN AI 9 465/32GB/1TB/14"" 3K OLED/Nvidia GeForce RTX5060 8GB/Win11",asus,AMD,ryzen ai 9,9.0,nan,32,,,1000.0,14.0,,nan,NVIDIA,RTX 5060,Dedicated,nan,nan,nan,nan,65490000,nan,False,0,,In Stock,https://fptshop.com.vn/may-tinh-xach-tay/asus-gaming-rog-zephyrus-g14-ga403gm-sy004w-ryzen-ai-9-465?sku=00928044,https://cdn2.fptshop.com.vn/unsafe/asus_gaming_rog_zephyrus_g14_ga403gm_gray_logo_ai_ab0b94fa14.png,fpt,,,1.0,0.3279569892473118,0.7341389728096677,0.5,0.1666666666666668,0.5,0.64,0.38535714285714284,0.5,0.5482064132104455,0.6710516033026114,0.6664619239631336,0.5216928859447004,0.5666666666666667,0.5399673766321045,True,True,False,False,False,True,False
"Laptop Asus TUF Gaming A14 FA401GM-RG013W AMD AI 9 465/32GB/1TB/14"" 165Hz/GeForce RTX5060 8G/Win11",asus,AMD,ryzen ai 9,9.0,nan,32,,,1000.0,14.0,,nan,NVIDIA,RTX 5060,Dedicated,nan,nan,nan,nan,52990000,nan,False,0,,In Stock,https://fptshop.com.vn/may-tinh-xach-tay/asus-tuf-gaming-a14-fa401gm-rg013w-amd-ai-9-465?sku=00926888,https://cdn2.fptshop.com.vn/unsafe/asus_tuf_gaming_a14_fa401gm_gray_logo_ai_006333e37c.png,fpt,,,1.0,0.3279569892473118,0.5453172205438066,0.5,0.1666666666666668,0.5,0.48,0.38535714285714284,0.5,0.5002064132104455,0.5630516033026114,0.5640619239631337,0.5000928859447005,0.5666666666666667,0.5134473766321044,False,False,False,False,False,True,False
"Laptop HP 250 G10 i5-1334U/16GB/512GB/15.6"" FHD/Win11 (B3WA8AT)",hp,Intel,core 5,13.0,nan,16,,,512.0,15.6,,nan,Intel,Intel Graphics,Integrated,nan,nan,nan,nan,17890000,nan,False,0,,In Stock,https://fptshop.com.vn/may-tinh-xach-tay/hp-250-g10-i5-1334u-b3wa8at?sku=00922641,https://cdn2.fptshop.com.vn/unsafe/hp_250_g10_sliver_01_3eddbbedd9.png,fpt,,,0.23076923076923067,0.0,0.015105740181268883,0.5,0.8333333333333333,0.5,0.48,0.6195714285714287,0.5,0.45742252747252754,0.43697101648351644,0.43584214285714284,0.4808401373626374,0.43333333333333335,0.46314261309523813,False,False,False,False,False,False,True
MacBook Pro 14 M5 Max 2026 18CPU/40GPU/128GB/8TB/Nano/96W,apple,Apple,m5 max,nan,nan,128,,,8000.0,14.0,,nan,Apple,Apple M5 MAX 40-core GPU,Integrated,nan,nan,nan,nan,191490000,nan,False,0,,In Stock,https://fptshop.com.vn/may-tinh-xach-tay/macbook-pro-14-m5-max-2026-18cpu-40gpu-128gb-8tb-nano-96w?sku=00926974,https://cdn2.fptshop.com.vn/unsafe/macbook_pro_14_m5_max_space_black_1_81ca8128a3.png,fpt,,,1.0,1.0,1.0,0.5,0.1666666666666668,0.5,0.48,0.1925,0.5,0.48062499999999997,0.55815625,0.5581875000000001,0.49128125,0.5666666666666667,0.5026286458333333,False,False,False,False,False,True,False
"Laptop MSI Gaming Katana 15 HX B14WFK-294VN i9-14900HX/AI/16GB/512GB/15.6""2.5K/RTX 5060 8GB/W11_Balo",msi,Intel,i9-14900hx,14.0,nan,16,,,512.0,15.6,,nan,NVIDIA,RTX 5060,Dedicated,nan,nan,nan,nan,36990000,nan,False,0,,In Stock,https://fptshop.com.vn/may-tinh-xach-tay/msi-gaming-katana-15-hx-b14wfk-294vn-i9-14900hx?sku=00920449,https://cdn2.fptshop.com.vn/unsafe/00920449_msi_gaming_katana_15hx_b14wx_black_01_f8f6cfa99e.png,fpt,,,0.23076923076923067,0.0,0.30362537764350456,0.5,0.8333333333333333,0.5,0.64,0.795,0.5,0.5843653846153846,0.5647067307692307,0.561925,0.537964423076923,0.43333333333333335,0.5332785416666667,False,False,False,False,False,False,True
"Laptop Dell Inspiron 15 3530 i5 1334U/16GB/512GB/15.6""/Win11/Office HS21",dell,nan,core i5,nan,nan,16,,,512.0,15.6,,nan,Intel,Intel UHD,Integrated,nan,nan,nan,nan,22490000,nan,False,0,,In Stock,https://fptshop.com.vn/may-tinh-xach-tay/dell-inspiron-15-3530-i5-1334u-i5u165w11slu?sku=00921204,https://cdn2.fptshop.com.vn/unsafe/dell_inspiron_15_3530_sliver_049b98a1a0.png,fpt,,,0.23076923076923067,0.0,0.08459214501510574,0.5,0.8333333333333333,0.5,0.48,0.341,0.5,0.3320653846153846,0.40563173076923076,0.398235,0.4244294230769231,0.43333333333333335,0.3938827916666667,False,False,False,False,False,False,True
MacBook Pro 14 M5 Pro 2026 15CPU/16GPU/48GB/2TB/96W,apple,Apple,m5 pro,nan,nan,48,,,2000.0,14.0,,nan,Apple,Apple M5 PRO 16-core GPU,Integrated,nan,nan,nan,nan,81990000,nan,False,0,,In Stock,https://fptshop.com.vn/may-tinh-xach-tay/macbook-pro-14-m5-pro-2026-15cpu-16gpu-48gb-2tb-96w?sku=00926977,https://cdn2.fptshop.com.vn/unsafe/macbook_pro_14_m5_pro_silver_1_ec21c74778.png,fpt,,,1.0,1.0,0.9833836858006042,0.5,0.1666666666666668,0.5,0.48,0.1925,0.5,0.48062499999999997,0.55815625,0.5581875000000001,0.49128125,0.5666666666666667,0.5026286458333333,False,False,False,False,False,True,False
MacBook Pro 16 M5 Max 2026 18CPU/40GPU/48GB/2TB/140W,apple,Apple,m5 max,nan,nan,48,,,2000.0,16.2,,nan,Apple,Apple M5 MAX 40-core GPU,Integrated,nan,22 hours,nan,22.0,118990000,nan,False,0,,In Stock,https://fptshop.com.vn/may-tinh-xach-tay/macbook-pro-16-m5-max-2026-18cpu-40gpu-48gb-2tb?sku=00926614,https://cdn2.fptshop.com.vn/unsafe/macbook_pro_16_m5_max_silver_1_0cbe5d08a3.png,fpt,,,1.0,1.0,1.0,0.5,1.0,0.5,0.48,0.1925,0.5,0.48062499999999997,0.55815625,0.5581875000000001,0.49128125,0.4,0.4692953125,False,False,False,False,False,False,True
MacBook Pro 14 M4 Pro 2024 12CPU/16GPU/48GB/1TB 96W Nano,apple,Apple,m4 pro,nan,nan,48,,,1000.0,14.2,,nan,Apple,Apple M4 PRO 16-core GPU,Integrated,nan,24 hours,nan,24.0,67490000,nan,False,0,,In Stock,https://fptshop.com.vn/may-tinh-xach-tay/macbook-pro-14-m4-pro-2024-12cpu-16gpu-48gb-1tb-96w-nano?sku=00925040,https://cdn2.fptshop.com.vn/unsafe/macbook_pro_14_m4_pro_max_space_black_1_49c97ac737.png,fpt,,,1.0,0.3279569892473118,0.7643504531722054,0.5,0.2499999999999998,0.5,0.48,0.41800000000000004,0.5,0.5148956989247312,0.5667239247311828,0.5684687096774194,0.506703064516129,0.55,0.518229873655914,False,False,False,False,False,False,False
"Laptop Asus Zenbook Duo UX8407AA-SN439WS Core Ultra X7 358H/AI/32GB/512GB/14""OLED/Touch/Pen/Win11/Office HS24/M365",asus,nan,m3,nan,nan,32,,,512.0,14.0,,nan,Intel,Intel Arc Graphics,Integrated,nan,nan,nan,nan,80990000,nan,False,0,,In Stock,https://fptshop.com.vn/may-tinh-xach-tay/asus-zenbook-duo-ux8407aa-sn439ws-core-ultra-x7-358h?sku=00929018,https://cdn2.fptshop.com.vn/unsafe/asus_zenbook_duo_ux8407aa_logo_ai_d5ee55a4c3.png,fpt,,,1.0,0.0,0.9682779456193353,0.5,0.1666666666666668,0.5,0.48,0.41800000000000004,0.5,0.4821,0.5585249999999999,0.55863,0.49194499999999997,0.5666666666666667,0.5034435833333333,False,False,False,False,False,True,False
MacBook Air 13 M4 2025 10CPU/10GPU/24GB/512GB,apple,Apple,m4,nan,nan,24,,,512.0,13.6,,nan,Apple,Apple M4 10-core GPU,Integrated,nan,18 hours,nan,18.0,29990000,nan,False,0,,In Stock,https://fptshop.com.vn/may-tinh-xach-tay/macbook-air-13-m4-2025-10cpu-10gpu-24gb-512gb?sku=00917106,https://cdn2.fptshop.com.vn/unsafe/macbook_air_13_m4_2025_xanh_1_16309323fd.jpg,fpt,,,0.6153846153846153,0.0,0.19788519637462235,0.5,0.0,0.5,0.48,0.41800000000000004,0.5,0.4244076923076923,0.48640961538461536,0.48363,0.4659834615384615,0.6000000000000001,0.47823525,False,False,False,False,False,True,False
"Laptop Asus Vivobook S14 S3407VA-LY256W Core 7 240H/16GB/512GB/14"" WUXGA/Win11",asus,Intel,core 7,nan,nan,16,,,512.0,14.0,,nan,Intel,Intel UHD,Integrated,nan,nan,nan,nan,26990000,nan,False,0,,In Stock,https://fptshop.com.vn/may-tinh-xach-tay/asus-vivobook-s14-s3407va-ly256w-core-7-240h?sku=00928889,https://cdn2.fptshop.com.vn/unsafe/00928889_asus_vivobook_s14_s3407va_01_beb22a8d31.png,fpt,,,0.23076923076923067,0.0,0.15256797583081572,0.5,0.1666666666666668,0.5,0.48,0.42900000000000005,0.5,0.3716653846153846,0.4155317307692307,0.410115,0.44224942307692305,0.5666666666666667,0.44242845833333333,False,False,False,False,False,True,False
"Laptop Asus Vivobook 14 X1404MA-EB219W Core 5 320/AI/8GB/512GB/14"" FHD/Win11",asus,Intel,core 5,nan,nan,8,,,512.0,14.0,,nan,Intel,Intel Graphics,Integrated,nan,nan,nan,nan,26490000,nan,False,0,,In Stock,https://fptshop.com.vn/may-tinh-xach-tay/asus-vivobook-14-x1404ma-eb219w-core-5-320?sku=00928775,https://cdn2.fptshop.com.vn/unsafe/asus_vivobook_14_x1404ma_bac_logo_ai_3dc08cd6b1.png,fpt,,,0.0,0.0,0.14501510574018128,0.5,0.1666666666666668,0.5,0.48,0.341,0.5,0.29745,0.3623625,0.353235,0.40885249999999995,0.5666666666666667,0.40142445833333334,False,False,False,False,False,True,False
"Laptop Dell 15 DC15250 i7-1355U/16GB/512GB/15.6"" FHD/Win11/Office Home 2024/Microsoft 365 (71092480)",dell,Intel,i7-1355u,13.0,nan,16,,,512.0,15.6,,nan,Intel,Intel UHD,Integrated,nan,nan,nan,nan,25490000,nan,False,0,,In Stock,https://fptshop.com.vn/may-tinh-xach-tay/dell-15-dc15250-i7-1355u-71092480?sku=00927991,https://cdn2.fptshop.com.vn/unsafe/dell_15_dc15250_silver_01_050bd1cfe2.png,fpt,,,0.23076923076923067,0.0,0.1299093655589124,0.5,0.8333333333333333,0.5,0.48,0.7075714285714286,0.5,0.4970225274725275,0.44687101648351646,0.44772214285714285,0.49866013736263737,0.43333333333333335,0.4850216130952381,False,False,False,False,False,False,True
"Laptop Asus Zenbook S14 UX5406AA-SU415WS Ultra 9-386H/AI/32GB/512GB/14"" 3K OLED/Win11/Office HS24/M365",asus,Intel,core ultra 9,9.0,nan,32,,,512.0,14.0,,nan,Intel,Intel Graphics,Integrated,nan,nan,nan,nan,48590000,nan,False,0,,In Stock,https://fptshop.com.vn/may-tinh-xach-tay/asus-zenbook-s14-ux5406aa-su415ws-ultra-9-386h?sku=00927286,https://cdn2.fptshop.com.vn/unsafe/asus_zenbook_s14_ux5406aa_trang_logo_ai_4abe60c920.png,fpt,,,1.0,0.0,0.4788519637462236,0.5,0.1666666666666668,0.5,0.48,0.687857142857143,0.5,0.6035357142857144,0.5888839285714286,0.5950607142857144,0.5465910714285714,0.5666666666666667,0.5705368154761905,False,False,False,False,False,True,False
"Laptop Acer Gaming Aspire 7 A715-59G-79XF Core 7 240H/16GB/512GB/15.6""FHD/Nvidia GeForce RTX3050 6GB/Win11",acer,Intel,core 7,nan,nan,16,,,512.0,15.6,,nan,NVIDIA,RTX 3050,Dedicated,nan,nan,nan,nan,28990000,nan,False,0,,In Stock,https://fptshop.com.vn/may-tinh-xach-tay/acer-gaming-aspire-7-a715-59g-79xf-c7-240h?sku=00926680,https://cdn2.fptshop.com.vn/unsafe/acer_gaming_aspire_7_a715_59g_black_01_1911a60cd1.png,fpt,,,0.23076923076923067,0.0,0.18277945619335348,0.5,0.8333333333333333,0.5,0.64,0.42900000000000005,0.5,0.4196653846153846,0.5235317307692308,0.512515,0.463849423076923,0.43333333333333335,0.4422817916666666,False,False,False,False,False,False,True
Laptop MSI Gaming Vector 16 HX AI A2XWJG-470VN U9 275HX/32GB/1TB/16.0QHD+/RTX5090 24GB/W11H_Balo,msi,Intel,core ultra 9,9.0,nan,32,,,1000.0,16.0,,nan,NVIDIA,RTX 5090,Dedicated,nan,nan,nan,nan,115990000,nan,False,0,,In Stock,https://fptshop.com.vn/may-tinh-xach-tay/msi-gaming-vector-16-hx-ai-a2xwjg-470vn-u9-275hx?sku=00921506,https://cdn2.fptshop.com.vn/unsafe/00921506_msi_gaming_vector_16_hx_ai_a2x_den_01_ef765a9391.png,fpt,,,1.0,0.3279569892473118,1.0,0.5,1.0,0.5,0.64,0.687857142857143,0.5,0.6843314132104457,0.7050828533026114,0.7072994239631337,0.5829491359447005,0.4,0.5818431057987712,True,True,False,False,False,False,True
Laptop MSI Gaming Cyborg 15 B2RWFKG-048VN Core 7 240H/AI/16GB/512GB/15.6FHD/RTX5060 8GB/Win11_Balo,msi,Intel,core 7,nan,nan,16,,,512.0,15.6,,nan,NVIDIA,RTX 5060,Dedicated,nan,nan,nan,nan,39990000,nan,False,0,,In Stock,https://fptshop.com.vn/may-tinh-xach-tay/msi-gaming-cyborg-15-b2rwfkg-048vn-core-7-240h?sku=00921508,https://cdn2.fptshop.com.vn/unsafe/00921508_msi_cyborg_15_b2rwx_den_01_18aefdbf44.png,fpt,,,0.23076923076923067,0.0,0.34894259818731116,0.5,0.8333333333333333,0.5,0.64,0.42900000000000005,0.5,0.4196653846153846,0.5235317307692308,0.512515,0.463849423076923,0.43333333333333335,0.4422817916666666,False,False,False,False,False,False,True
"Laptop HP Omen Gaming 16-am0129TX U7-255H/AI/32GB/512GB/16""/Nvidia RTX5070 8GB/Win11 (BX9D1PA)",hp,Intel,core ultra 7,7.0,nan,32,,,512.0,16.0,,nan,NVIDIA,RTX 5070,Dedicated,nan,nan,nan,nan,48890000,nan,False,0,,In Stock,https://fptshop.com.vn/may-tinh-xach-tay/hp-omen-gaming-16-am0129tx-u7-255h-bx9d1pa?sku=00920725,https://cdn2.fptshop.com.vn/unsafe/00920725_hp_gaming_omen_16_den_01_d6eb21cc72.png,fpt,,,1.0,0.0,0.48338368580060426,0.5,1.0,0.5,0.64,0.5790000000000001,0.5,0.60255,0.6846375,0.6827650000000001,0.5461475,0.4,0.5366588750000001,True,True,False,False,False,False,True
Laptop Acer Aspire Go 14 AI AG14-71M-57WR Ultra 5 125H/16GB/512GB/14 inch FHD+/Win11,acer,Intel,core ultra 5,5.0,nan,16,,,512.0,14.0,,nan,Intel,Intel Arc Graphics,Integrated,nan,nan,nan,nan,16990000,nan,False,0,,In Stock,https://fptshop.com.vn/may-tinh-xach-tay/acer-aspire-go-14-ai-ag14-71m-57wr-u5-125h?sku=00920718,https://cdn2.fptshop.com.vn/unsafe/00920718_acer_aspire_go_14_ai_ag14_71m_01_5a579fde83.png,fpt,,,0.23076923076923067,0.0,0.0015105740181268882,0.5,0.1666666666666668,0.5,0.48,0.4481428571428572,0.5,0.38027967032967036,0.4176853021978022,0.4126992857142857,0.4461258516483516,0.5666666666666667,0.44718785119047616,False,False,False,False,False,True,False
"Laptop Acer Aspire 14 AI A14-11M-X8FP X1-26100 8C /16GB/512GB/14"" FHD/Win11",acer,Qualcomm,x1-26100,nan,nan,16,,,512.0,14.0,,nan,Qualcomm,Qualcomm Adreno,Integrated,nan,nan,nan,nan,23990000,nan,False,0,,In Stock,https://fptshop.com.vn/may-tinh-xach-tay/acer-aspire-14-ai-a14-11m-x8fp-x1-26100-8c?sku=00920698,https://cdn2.fptshop.com.vn/unsafe/00920698_acer_aspire_14_ai_a14_11m_x8fp_01_93d90e81fc.png,fpt,,,0.23076923076923067,0.0,0.10725075528700906,0.5,0.1666666666666668,0.5,0.45,0.1925,0.5,0.2562403846153846,0.3686754807692308,0.3589875,0.3903081730769231,0.5666666666666667,0.37865614583333335,False,False,False,False,False,True,False
"Laptop MSI Modern 15 H C2RMG-287VN Core 7 240H/16GB/1TB/15.6""FHD/Túi/Win11",msi,Intel,core 7,nan,nan,16,,,1000.0,15.6,,nan,Intel,Intel Graphics,Integrated,nan,nan,nan,nan,24990000,nan,False,0,,In Stock,https://fptshop.com.vn/may-tinh-xach-tay/msi-modern-15-h-c2rmg-287vn-core-7-240h?sku=00919963,https://cdn2.fptshop.com.vn/unsafe/msi_modern_15_h_c2r_black_01_15191861cc.png,fpt,,,0.23076923076923067,0.3279569892473118,0.12235649546827794,0.5,0.8333333333333333,0.5,0.48,0.42900000000000005,0.5,0.4044610835401158,0.42373065550041356,0.41995370967741935,0.4570074875930521,0.43333333333333335,0.4338814153225806,False,False,False,False,False,False,True
"Laptop MSI Modern 15 H C2RMG-292VN Core 5 210H/16GB/512GB/15.6"" FHD/Túi/Win11",msi,Intel,core 5,nan,nan,16,,,512.0,15.6,,nan,Intel,Intel Graphics,Integrated,nan,nan,nan,nan,19490000,nan,False,0,,In Stock,https://fptshop.com.vn/may-tinh-xach-tay/msi-modern-15-h-c2rmg-292vn-core-5-210h?sku=00919961,https://cdn2.fptshop.com.vn/unsafe/msi_modern_15_h_c2r_black_01_15191861cc.png,fpt,,,0.23076923076923067,0.0,0.03927492447129909,0.5,0.8333333333333333,0.5,0.48,0.341,0.5,0.3320653846153846,0.40563173076923076,0.398235,0.4244294230769231,0.43333333333333335,0.3938827916666667,False,False,False,False,False,False,True
"Laptop Acer Swift Edge 14 AI SFE14-51T-52KD Ultra 5 228V/32GB/512GB/14"" 2.8K OLED/Win11",acer,Intel,core ultra 5,5.0,nan,32,,,512.0,14.0,,nan,Intel,Intel Graphics,Integrated,nan,nan,nan,nan,42990000,nan,False,0,,In Stock,https://fptshop.com.vn/may-tinh-xach-tay/acer-swift-edge-14-ai-sfe14-51t-52kd-u5-228v?sku=00920699,https://cdn2.fptshop.com.vn/unsafe/00920699_acer_swift_edge_14_ai_sfe14_51t_52kd_01_fa350c0095.png,fpt,,,1.0,0.0,0.3942598187311178,0.5,0.1666666666666668,0.5,0.48,0.4481428571428572,0.5,0.4956642857142858,0.5619160714285715,0.5626992857142857,0.4980489285714286,0.5666666666666667,0.5109378511904763,False,False,False,False,False,True,False
"Laptop Dell Inspiron 14 7440 Core 7 150U/16GB/1TB/14""FHD+Touch/Pen/Win11/Office HS24/OS365",dell,Intel,core 7,nan,nan,16,,,1000.0,14.0,,nan,Intel,Intel Graphics,Integrated,nan,nan,nan,nan,32890000,nan,False,0,,In Stock,https://fptshop.com.vn/may-tinh-xach-tay/dell-inspiron-14-7440-core-7-150un7440-c7u161w11ibu?sku=00919255,https://cdn2.fptshop.com.vn/unsafe/dell_inspiron_14_7440_1_0972991734.png,fpt,,,0.23076923076923067,0.3279569892473118,0.24169184290030213,0.5,0.1666666666666668,0.5,0.48,0.42900000000000005,0.5,0.4044610835401158,0.42373065550041356,0.41995370967741935,0.4570074875930521,0.5666666666666667,0.4605480819892473,False,False,False,False,False,True,False
"Laptop Dell XPS 13 9350 Ultra 5 226V/AI/16GB/512GB/13.4""QHD+ Touch/Win11/Office HS24/OS365",dell,Intel,core ultra 5,5.0,nan,16,,,512.0,13.4,,nan,Intel,Intel Arc Graphics,Integrated,nan,nan,nan,nan,55990000,nan,False,0,,In Stock,https://fptshop.com.vn/may-tinh-xach-tay/dell-xps-13-9350-ultra-5-226vxps9350-u5ia165w11gr-fp?sku=00919251,https://cdn2.fptshop.com.vn/unsafe/00919251_dell_xps_13_9350_graphite_1_5585802fda.png,fpt,,,0.23076923076923067,0.0,0.5906344410876133,0.5,0.0,0.5,0.48,0.4481428571428572,0.5,0.38027967032967036,0.4176853021978022,0.4126992857142857,0.4461258516483516,0.6000000000000001,0.4538545178571428,False,False,False,False,False,True,False
"Laptop MSI Gaming Stealth 18 HX AI A2XWIG-017VN U9 275HX/32G/2T/18""miniLED UHD+/RTX5080 16G/Win 11_Balo",msi,Intel,core ultra 9,9.0,nan,16,,,2000.0,18.0,,nan,NVIDIA,RTX 5080,Dedicated,nan,nan,nan,nan,107990000,nan,False,0,,In Stock,https://fptshop.com.vn/may-tinh-xach-tay/msi-gaming-stealth-18-hx-ai-a2xwig-017vn-u9-275hx?sku=00918523,https://cdn2.fptshop.com.vn/unsafe/00918523_msi_gaming_stealth_18_hx_ai_a2x_den_1_8a93b22f93.png,fpt,,,0.23076923076923067,1.0,1.0,0.5,1.0,0.5,0.48,0.687857142857143,0.5,0.588151098901099,0.4696531593406593,0.4750607142857143,0.5396679945054945,0.4,0.5287034821428571,False,False,False,False,False,False,True
"Laptop Acer Predator Helios 18 Gaming AI PH18-73-98AQ Ultra9 275HX/192GB/6TB/18""WQUXGA/GeForce RTX5090 24GB/Win11",acer,Intel,core ultra 9,9.0,nan,24,,,6000.0,18.0,,nan,NVIDIA,RTX 5090,Dedicated,nan,nan,nan,nan,184990000,nan,False,0,,In Stock,https://fptshop.com.vn/may-tinh-xach-tay/acer-predator-helios-18-gaming-ai-ph18-73-98aq-u9-275hx?sku=00916610,https://cdn2.fptshop.com.vn/unsafe/acer_predator_helios_18_gaming_ai_ph18_73_den_1_e6a6d14282.jpg,fpt,,,0.6153846153846153,1.0,1.0,0.5,1.0,0.5,0.64,0.687857142857143,0.5,0.6938434065934067,0.649768543956044,0.6524607142857144,0.5872295329670331,0.4,0.5870984821428573,True,True,False,False,False,False,True
"Laptop MSI Venture 14 AI A1MG-005VN U5 125H/16GB/512GB/14"" 2.8K OLED/Win11_Túi",msi,Intel,ultra 5,5.0,nan,16,,,512.0,14.0,,nan,Intel,Intel Arc Graphics,Integrated,nan,nan,nan,nan,22990000,nan,False,0,,In Stock,https://fptshop.com.vn/may-tinh-xach-tay/msi-venture-14-ai-a1mg-005vn-u5-125h?sku=00918522,https://cdn2.fptshop.com.vn/unsafe/msi_venture_14_ai_a1mg_005vn_den_1_d1c8c546b3.png,fpt,,,0.23076923076923067,0.0,0.09214501510574018,0.5,0.1666666666666668,0.5,0.48,0.4481428571428572,0.5,0.38027967032967036,0.4176853021978022,0.4126992857142857,0.4461258516483516,0.5666666666666667,0.44718785119047616,False,False,False,False,False,True,False
"Laptop Lenovo IdeaPad Slim 5 14IPH11 U7 355/AI/32GB/512GB/14""WUXGA OLED/Window 11 Home SL (83S50036VN)",lenovo,Intel,ultra 7,7.0,nan,32,,,512.0,14.0,,nan,Intel,Intel Graphics,Integrated,nan,nan,nan,nan,44990000,nan,False,0,,In Stock,https://fptshop.com.vn/may-tinh-xach-tay/lenovo-ideapad-slim-5-14iph11-u7-355-83s50036vn?sku=00929024,https://cdn2.fptshop.com.vn/unsafe/00929024_lenovo_ideapad_slim_5_14iph11_01_e904c329d4.png,fpt,,,1.0,0.0,0.4244712990936556,0.5,0.1666666666666668,0.5,0.48,0.5790000000000001,0.5,0.5545500000000001,0.5766375,0.580365,0.5245475,0.5666666666666667,0.5434722083333334,False,False,False,False,False,True,False
"Laptop Asus Vivobook S16 S3607VA-RP120W Core 7 240H/16GB/512GB/16"" WUXGA/Win11",asus,Intel,core 7,nan,nan,16,,,512.0,16.0,,nan,Intel,Intel UHD,Integrated,nan,nan,nan,nan,26990000,nan,False,0,,In Stock,https://fptshop.com.vn/may-tinh-xach-tay/asus-vivobook-s16-s3607va-rp120w-core-7-240h?sku=00928899,https://cdn2.fptshop.com.vn/unsafe/00928899_asus_vivobook_s16_s3607va_01_30f88b9c3c.png,fpt,,,0.23076923076923067,0.0,0.15256797583081572,0.5,1.0,0.5,0.48,0.42900000000000005,0.5,0.3716653846153846,0.4155317307692307,0.410115,0.44224942307692305,0.4,0.409095125,False,False,False,False,False,False,True
"Laptop Asus TUF Gaming F16 FX608JHI-TU210W i5-14450HX/AI/16GB/512GB/16""/GeForce RTX5050 8GB/Win11",asus,Intel,i5-14450hx,14.0,nan,16,,,512.0,16.0,,nan,NVIDIA,RTX 5050,Dedicated,nan,nan,nan,nan,39990000,nan,False,0,,In Stock,https://fptshop.com.vn/may-tinh-xach-tay/asus-tuf-gaming-f16-fx608jhi-tu210w-i5-14450hx?sku=00928887,https://cdn2.fptshop.com.vn/unsafe/asus_tuf_gaming_f16_fx608_logo_ai_9c5000f916.png,fpt,,,0.23076923076923067,0.0,0.34894259818731116,0.5,1.0,0.5,0.64,0.641,0.5,0.5150653846153846,0.5473817307692308,0.541135,0.506779423076923,0.4,0.488323625,False,False,False,False,False,False,True
"Laptop Asus Gaming ROG Strix G16 G614PP-TS112W R9 8940HX/AI/16GB/512GB/16""/GeForce RTX5070 8GB/Win11",asus,AMD,ryzen 9,9.0,nan,16,,,512.0,16.0,,nan,NVIDIA,RTX 5070,Dedicated,nan,nan,nan,nan,62490000,nan,False,0,,In Stock,https://fptshop.com.vn/may-tinh-xach-tay/asus-gaming-rog-strix-g16-g614pp-ts112w-r9-8940hx?sku=00928649,https://cdn2.fptshop.com.vn/unsafe/asus_gaming_rog_strix_g614_logo_ai_7bf8ec880b.png,fpt,,,0.23076923076923067,0.0,0.6888217522658611,0.5,1.0,0.5,0.64,0.687857142857143,0.5,0.536151098901099,0.5526531593406594,0.5474607142857143,0.5162679945054945,0.4,0.49997348214285725,False,False,False,False,False,False,True
"Laptop Asus Vivobook 14 X1404MA-EB220W Core 7 350/AI/8GB/512GB/14"" FHD/Win 11",asus,Intel,core 7,nan,nan,8,,,512.0,14.0,,nan,Intel,Intel UHD,Integrated,nan,nan,nan,nan,26990000,nan,False,0,,In Stock,https://fptshop.com.vn/may-tinh-xach-tay/asus-vivobook-14-x1404ma-eb220w-core-7-350?sku=00928660,https://cdn2.fptshop.com.vn/unsafe/asus_vivobook_14_x1404ma_bac_logo_ai_3dc08cd6b1.png,fpt,,,0.0,0.0,0.15256797583081572,0.5,0.1666666666666668,0.5,0.48,0.42900000000000005,0.5,0.33705,0.3722625,0.365115,0.4266725,0.5666666666666667,0.4233034583333333,False,False,False,False,False,True,False
"Laptop Asus Gaming ROG Strix G16 G614PM-RV233W R9-8940HX/AI/16GB/512GB/16"" 165Hz/GeForce RTX5060 8GB/Win11",asus,AMD,ryzen 9,9.0,nan,16,,,512.0,16.0,,nan,NVIDIA,RTX 5060,Dedicated,nan,nan,nan,nan,48990000,nan,False,0,,In Stock,https://fptshop.com.vn/may-tinh-xach-tay/asus-gaming-rog-strix-g16-g614pm-rv233w-r9-8940hx?sku=00926741,https://cdn2.fptshop.com.vn/unsafe/asus_rog_strix_g16_g614_den_08_3289a9fa3e.png,fpt,,,0.23076923076923067,0.0,0.48489425981873113,0.5,1.0,0.5,0.64,0.687857142857143,0.5,0.536151098901099,0.5526531593406594,0.5474607142857143,0.5162679945054945,0.4,0.49997348214285725,False,False,False,False,False,False,True
Laptop MSI Prestige 14 Flip AI+ D3MTG-021VN U9-386H/32GB/1TB/14 FHD OLED/W11/Túi,msi,Intel,core ultra 9,9.0,nan,32,,,1000.0,14.0,,nan,Intel,Intel Graphics,Integrated,nan,nan,nan,nan,54490000,nan,False,0,,In Stock,https://fptshop.com.vn/may-tinh-xach-tay/msi-prestige-14-flip-ai-d3mtg-021vn-u9-386h?sku=00927247,https://cdn2.fptshop.com.vn/unsafe/msi_prestige_14_flip_ai_d3mtg_xam_01_a5890551b4.png,fpt,,,1.0,0.3279569892473118,0.56797583081571,0.5,0.1666666666666668,0.5,0.48,0.687857142857143,0.5,0.6363314132104456,0.5970828533026113,0.6048994239631337,0.5613491359447005,0.5666666666666667,0.5886564391321045,False,True,False,False,False,True,False
"Laptop HP Gaming Victus 15-fa2452TX i5-13420H/16GB/512GB/15.6""FHD/GeForce RTX3050 6GB/W11 (D44VLPA)",hp,Intel,i5-13420h,13.0,nan,16,,,512.0,15.6,,nan,NVIDIA,RTX 3050,Dedicated,nan,nan,nan,nan,28490000,nan,False,0,,In Stock,https://fptshop.com.vn/may-tinh-xach-tay/hp-victus-15-fa2452tx-i5-13420h?sku=00924919,https://cdn2.fptshop.com.vn/unsafe/hp_victus_15_fa24_den_01_7edef06eb5.png,fpt,,,0.23076923076923067,0.0,0.17522658610271905,0.5,0.8333333333333333,0.5,0.64,0.6195714285714287,0.5,0.5054225274725275,0.5449710164835165,0.5382421428571429,0.5024401373626374,0.43333333333333335,0.48966261309523806,False,False,False,False,False,False,True
"Laptop Acer Aspire Go 14 AI AG14-71M-7681 Ultra 7 155H/16GB/512GB/14"" FHD+/Win11",acer,Intel,core ultra 7,7.0,nan,16,,,512.0,14.0,,nan,Intel,Intel Arc Graphics,Integrated,nan,nan,nan,nan,19990000,nan,False,0,,In Stock,https://fptshop.com.vn/may-tinh-xach-tay/acer-aspire-go-14-ai-ag14-71m-7681-u7-155h?sku=00920717,https://cdn2.fptshop.com.vn/unsafe/00920717_acer_aspire_go_14_ai_ag14_71m_01_0f6ca73c6a.png,fpt,,,0.23076923076923067,0.0,0.04682779456193353,0.5,0.1666666666666668,0.5,0.48,0.5790000000000001,0.5,0.4391653846153847,0.43240673076923075,0.430365,0.4726244230769231,0.5666666666666667,0.4797222083333334,False,False,False,False,False,True,False
"Laptop Acer Gaming Predator Helios Neo 16 AI PHN16-73-757W U7 255HX/32GB/1TB/16"" 2K+/Nvidia GeForce RTX5060 8GB/Win11",acer,Intel,core ultra 7,7.0,nan,32,,,1000.0,16.0,,nan,NVIDIA,RTX 5060,Dedicated,nan,nan,nan,nan,65990000,nan,False,0,,In Stock,https://fptshop.com.vn/may-tinh-xach-tay/acer-gaming-predator-helios-neo-16-ai-phn16-73-757w-u7-255hx?sku=00920713,https://cdn2.fptshop.com.vn/unsafe/00920713_acer_predator_helios_neo_16_ai_phn16_73_01_25b3ccf746.png,fpt,,,1.0,0.3279569892473118,0.7416918429003021,0.5,1.0,0.5,0.64,0.5790000000000001,0.5,0.6353456989247313,0.6928364247311828,0.6926037096774195,0.560905564516129,0.4,0.5547784986559141,True,True,False,False,False,False,True
"Laptop Acer Gaming Nitro ProPanel ANV15-52-74UM Core 7 240H/16GB/512GB/15.6""FHD/Nvidia GeForce RTX3050 6GB/Win11",acer,Intel,core 7,nan,nan,16,,,512.0,15.6,,nan,NVIDIA,RTX 3050,Dedicated,nan,nan,nan,nan,36490000,nan,False,0,,In Stock,https://fptshop.com.vn/may-tinh-xach-tay/acer-gaming-nitrov-15-propanel-anv15-52-74um-core7-240h?sku=00924036,https://cdn2.fptshop.com.vn/unsafe/acer_nitro_propanel_anv15_52_black_01_cf1ef436ab.png,fpt,,,0.23076923076923067,0.0,0.29607250755287007,0.5,0.8333333333333333,0.5,0.64,0.42900000000000005,0.5,0.4196653846153846,0.5235317307692308,0.512515,0.463849423076923,0.43333333333333335,0.4422817916666666,False,False,False,False,False,False,True
Laptop HP Omen Gaming 16-am0176TX U7-255H/AI/16GB/512GB/Nvidia GeForce RTX5060 8GB/Win11_BX9D3PA,hp,Intel,core ultra 7,7.0,nan,16,,,512.0,16.0,,nan,NVIDIA,RTX 5060,Dedicated,nan,nan,nan,nan,43890000,nan,False,0,,In Stock,https://fptshop.com.vn/may-tinh-xach-tay/hp-omen-gaming-16-am0176tx-u7-255h-bx9d3pa?sku=00920726,https://cdn2.fptshop.com.vn/unsafe/00920726_hp_gaming_omen_16_den_01_13c470bb8b.png,fpt,,,0.23076923076923067,0.0,0.4078549848942598,0.5,1.0,0.5,0.64,0.5790000000000001,0.5,0.48716538461538467,0.5404067307692307,0.532765,0.49422442307692305,0.4,0.47290887500000006,False,False,False,False,False,False,True
"Laptop Dell Inspiron 15 3530 i3 1305U/8GB/512GB/15.6""FHD/Win11/Office HS24/OS365",dell,nan,core i3,nan,nan,8,,,512.0,15.6,,nan,Intel,Intel UHD,Integrated,nan,nan,nan,nan,14500000,nan,False,0,,In Stock,https://fptshop.com.vn/may-tinh-xach-tay/dell-inspiron-15-3530-i3-1305u-n3530-i3u085w11slu,https://cdn2.fptshop.com.vn/unsafe/dell_inspiron_15_3530_sliver_049b98a1a0.png,fpt,,,0.0,0.0,0.0,0.5,0.8333333333333333,0.5,0.48,0.24750000000000003,0.5,0.255375,0.35184375,0.3406125,0.38991875,0.43333333333333335,0.3515113541666667,False,False,False,False,False,False,True
"Laptop Dell Inspiron 14 5440 i5 1334U/8GB/512GB/14.0""FHD+/Win11/Office HS21",dell,nan,core i5,nan,nan,8,,,512.0,14.0,,nan,Intel,Intel UHD,Integrated,nan,nan,nan,nan,20190000,nan,False,0,,In Stock,https://fptshop.com.vn/may-tinh-xach-tay/dell-inspiron-14-5440-i5-1334u-n5440-i5u085w11ibu?sku=00919257,https://cdn2.fptshop.com.vn/unsafe/dell_inspiron_14_5440_ice_blue_6e0c7378be.png,fpt,,,0.0,0.0,0.04984894259818731,0.5,0.1666666666666668,0.5,0.48,0.341,0.5,0.29745,0.3623625,0.353235,0.40885249999999995,0.5666666666666667,0.40142445833333334,False,False,False,False,False,True,False
"Laptop Dell Inspiron 15 3530 i7 1355U/16GB/1TB/15.6""FHD/Win11/Office HS 21",dell,Intel,core 7,nan,nan,16,,,1000.0,15.6,,nan,Intel,Intel Iris Xe,Integrated,nan,nan,nan,nan,22990000,nan,False,0,,In Stock,https://fptshop.com.vn/may-tinh-xach-tay/dell-inspiron-15-3530-i7-1355u-n3530-i7u161w11blu-fp?sku=00919253,https://cdn2.fptshop.com.vn/unsafe/dell_inspiron_15_3530_carbon_black_5d887eaf19.png,fpt,,,0.23076923076923067,0.3279569892473118,0.09214501510574018,0.5,0.8333333333333333,0.5,0.48,0.42900000000000005,0.5,0.4044610835401158,0.42373065550041356,0.41995370967741935,0.4570074875930521,0.43333333333333335,0.4338814153225806,False,False,False,False,False,False,True
"Laptop Acer Aspire 14 AI A14-52M-585Y Ultra5 226V/16GB/1TB/14""FHD/Win11",acer,Intel,core ultra 5,5.0,nan,16,,,1000.0,14.0,,nan,Intel,Intel Arc Graphics,Integrated,nan,nan,nan,nan,24590000,nan,False,0,,In Stock,https://fptshop.com.vn/may-tinh-xach-tay/acer-aspire-14-ai-a14-52m-585y-ultra5-226v?sku=00918058,https://cdn2.fptshop.com.vn/unsafe/00918058_acer_aspire_14_ai_a14_52m_1_f0c068f656.png,fpt,,,0.23076923076923067,0.3279569892473118,0.1163141993957704,0.5,0.1666666666666668,0.5,0.48,0.4481428571428572,0.5,0.4130753692544015,0.425884226928985,0.42253799539170506,0.46088391616448066,0.5666666666666667,0.4653074748463902,False,False,False,False,False,True,False
"Laptop MSI Gaming Thin 15 B13UC-1411VN i7 13620H/24GB/512GB/15.6"" FHD/RTX 3050 4GB/Win11_Balo",msi,nan,core i7,nan,nan,24,,,512.0,15.6,,nan,NVIDIA,RTX 3050,Dedicated,nan,nan,nan,nan,21790000,nan,False,0,,In Stock,https://fptshop.com.vn/may-tinh-xach-tay/msi-gaming-thin-15-b13uc-1411vn-i7-13620h-24gb?sku=00919044,https://cdn2.fptshop.com.vn/unsafe/msi_thin_15_b13uc_1_d8b0ae6138.png,fpt,,,0.6153846153846153,0.0,0.07401812688821752,0.5,0.8333333333333333,0.5,0.64,0.42900000000000005,0.5,0.4773576923076923,0.5956471153846153,0.587515,0.4898109615384615,0.43333333333333335,0.47415679166666663,False,False,False,False,False,False,True
"Laptop Acer Aspire 14 AI A14-52M-71YQ Ultra7 256V/16GB/1TB/14""FHD/Win11",acer,Intel,core ultra 7,7.0,nan,16,,,1000.0,14.0,,nan,Intel,Intel Arc Graphics,Integrated,nan,nan,nan,nan,27590000,nan,False,0,,In Stock,https://fptshop.com.vn/may-tinh-xach-tay/acer-aspire-14-ai-a14-52m-71yq-ultra-7-256v?sku=00918057,https://cdn2.fptshop.com.vn/unsafe/00918057_acer_aspire_14_ai_a14_52m_1_0d5b339c30.png,fpt,,,0.23076923076923067,0.3279569892473118,0.16163141993957703,0.5,0.1666666666666668,0.5,0.48,0.5790000000000001,0.5,0.47196108354011584,0.44060565550041353,0.4402037096774194,0.48738248759305214,0.5666666666666667,0.4978418319892473,False,False,False,False,False,True,False
"Laptop Acer Swift Go 14 AI SFG14-74-58FJ Ultra 5 225H/16GB/1TB/14""FHD+ Oled/Win11",acer,Intel,core ultra 5,5.0,nan,16,,,1000.0,14.0,,nan,Intel,Intel Arc Graphics,Integrated,nan,nan,nan,nan,32990000,nan,False,0,,In Stock,https://fptshop.com.vn/may-tinh-xach-tay/acer-swift-go-14-ai-sfg14-74-58fj-ultra-5-225h?sku=00918056,https://cdn2.fptshop.com.vn/unsafe/00918056_acer_swift_go_14_ai_sfg14_74_58fj_c617997993.png,fpt,,,0.23076923076923067,0.3279569892473118,0.243202416918429,0.5,0.1666666666666668,0.5,0.48,0.4481428571428572,0.5,0.4130753692544015,0.425884226928985,0.42253799539170506,0.46088391616448066,0.5666666666666667,0.4653074748463902,False,False,False,False,False,True,False
"Laptop Asus Zenbook S16 UM5606GA-SS441W Ryzen AI 9 465/16GB/512GB/16"" 3K OLED/Win11",asus,AMD,ryzen ai 9,9.0,nan,16,,,512.0,16.0,,nan,AMD,AMD Radeon Graphics,Integrated,nan,nan,nan,nan,45490000,nan,False,0,,In Stock,https://fptshop.com.vn/may-tinh-xach-tay/asus-zenbook-s16-um5606ga-ss441w-ryzen-ai-9-465?sku=00928900,https://cdn2.fptshop.com.vn/unsafe/asus_zenbook_s16_um5606_logo_ai_c7865248c3.png,fpt,,,0.23076923076923067,0.0,0.43202416918429004,0.5,1.0,0.5,0.48,0.38535714285714284,0.5,0.35202609890109887,0.4106219093406593,0.4042232142857143,0.43341174450549447,0.4,0.3982444196428571,False,False,False,False,False,False,True
"Laptop Asus Gaming ROG Zephyrus Duo 16 GX651AX-SR050WS Ultra 9 386H/AI/64GB/2TB/16"" OLED Touch/GeForce RTX5090 24GB/Pen/Win11",asus,Intel,core ultra 9,9.0,nan,64,,,2000.0,16.0,,nan,NVIDIA,RTX 5090,Dedicated,nan,nan,nan,nan,199490000,nan,False,0,,In Stock,https://fptshop.com.vn/may-tinh-xach-tay/asus-gaming-rog-zephyrus-duo-16-gx651ax-sr050ws-ultra-9-386h?sku=00928753,https://cdn2.fptshop.com.vn/unsafe/00928753_asus_gaming_rog_zephyrus_duo_gx651ax_black_logo_ai_a4489dbfb6.png,fpt,,,1.0,1.0,1.0,0.5,1.0,0.5,0.64,0.687857142857143,0.5,0.7515357142857144,0.7218839285714286,0.7274607142857143,0.6131910714285714,0.4,0.6189734821428572,True,True,True,False,False,False,True
"Laptop Asus Gaming ROG Zephyrus G14 GU405AR-SY016W Ultra 9 386H/AI/32GB/1TB/14""OLED/GeForce RTX5070Ti 12GB/Win11",asus,Intel,core ultra 9,9.0,nan,32,,,1000.0,14.0,,nan,NVIDIA,RTX 5070 Ti,Dedicated,nan,nan,nan,nan,96490000,nan,False,0,,In Stock,https://fptshop.com.vn/may-tinh-xach-tay/asus-gaming-rog-zephyrus-g14-gu405ar-sy016w-ultra-9-386h?sku=00928748,https://cdn2.fptshop.com.vn/unsafe/asus_gaming_rog_zephyrus_gu405_gray_logo_ai_7b22c42424.png,fpt,,,1.0,0.3279569892473118,1.0,0.5,0.1666666666666668,0.5,0.64,0.687857142857143,0.5,0.6843314132104457,0.7050828533026114,0.7072994239631337,0.5829491359447005,0.5666666666666667,0.6151764391321046,True,True,False,False,False,True,False
"Laptop Acer Gaming Predator 16 PHN16-I31-74MN i7 14650HX/32GB/512GB/16""FHD+ 180Hz/RTX5050 8GB/Win11",acer,nan,core i7,nan,nan,32,,,512.0,16.0,,nan,NVIDIA,RTX 5050,Dedicated,nan,nan,nan,nan,66790000,nan,False,0,,In Stock,https://fptshop.com.vn/may-tinh-xach-tay/acer-gaming-predator-helios-neo-16-phn16-i31-74mn-i7-14650hx?sku=00928698,https://cdn2.fptshop.com.vn/unsafe/00928698_acer_predator_helios_neo_16_phn16_i31_black_01_6e19ed9551.png,fpt,,,1.0,0.0,0.7537764350453172,0.5,1.0,0.5,0.64,0.42900000000000005,0.5,0.53505,0.6677625,0.6625150000000001,0.5157725,0.4,0.499365125,True,True,False,False,False,False,True
"Laptop Acer Gaming Predator 16 PHN16-I31-72XE i7 14650HX/32GB/512GB/16"" 2K+ 180Hz/RTX5060 8GB/Win11",acer,nan,core i7,nan,nan,32,,,512.0,16.0,,nan,NVIDIA,RTX 5060,Dedicated,nan,nan,nan,nan,71790000,nan,False,0,,In Stock,https://fptshop.com.vn/may-tinh-xach-tay/acer-gaming-predator-helios-neo-16-phn16-i31-72xe-i7-14650hx?sku=00928697,https://cdn2.fptshop.com.vn/unsafe/00928697_acer_predator_helios_neo_16_phn16_i31_black_01_6c5d30c669.png,fpt,,,1.0,0.0,0.8293051359516617,0.5,1.0,0.5,0.64,0.42900000000000005,0.5,0.53505,0.6677625,0.6625150000000001,0.5157725,0.4,0.499365125,True,True,False,False,False,False,True
"Laptop Acer Gaming Predator 16 PHN16-I31-50H7 i5 14450HX/32GB/512GB/16"" FHD+ 180Hz/RTX5050 8GB/Win11",acer,nan,core i5,nan,nan,32,,,512.0,16.0,,nan,NVIDIA,RTX 5050,Dedicated,nan,nan,nan,nan,61790000,nan,False,0,,In Stock,https://fptshop.com.vn/may-tinh-xach-tay/acer-gaming-predator-helios-neo-16-phn16-i31-50h7-i5-14450hx?sku=00928696,https://cdn2.fptshop.com.vn/unsafe/00928696_acer_predator_helios_neo_16_phn16_i31_black_01_fc0039d99c.png,fpt,,,1.0,0.0,0.6782477341389728,0.5,1.0,0.5,0.64,0.341,0.5,0.49545000000000006,0.6578625,0.6506350000000001,0.4979525,0.4,0.47748612500000004,True,True,False,False,False,False,True
"Laptop Asus TUF Gaming F16 FX608JHI-TU209W i7-14650HX/AI/16GB/512GB/16"" FHD+/Nvidia GeForce RTX5050 8GB/Win11",asus,Intel,i7-14650hx,14.0,nan,16,,,512.0,16.0,,nan,NVIDIA,RTX 5070,Dedicated,nan,nan,nan,nan,40990000,nan,False,0,,In Stock,https://fptshop.com.vn/may-tinh-xach-tay/asus-tuf-gaming-fx608jhi-tu209w-i7-14650hx?sku=00927905,https://cdn2.fptshop.com.vn/unsafe/asus_tuf_gaming_f16_fx608jmi_gray_logo_ai_110681e83c.png,fpt,,,0.23076923076923067,0.0,0.3640483383685801,0.5,1.0,0.5,0.64,0.7290000000000001,0.5,0.5546653846153847,0.5572817307692308,0.553015,0.5245994230769231,0.4,0.510202625,False,False,False,False,False,False,True
"Laptop Asus TUF Gaming A16 FA608PP-RV089W R9-8940HX/AI/16GB/512GB/16"" 165Hz/GeForce RTX5070 8GB/Win11",asus,AMD,ryzen 9,9.0,nan,16,,,512.0,16.0,,nan,NVIDIA,RTX 5070,Dedicated,nan,nan,nan,nan,49490000,nan,False,0,,In Stock,https://fptshop.com.vn/may-tinh-xach-tay/asus-tuf-gaming-a16-fa608pp-rv089w-r9-8940hx?sku=00927044,https://cdn2.fptshop.com.vn/unsafe/asus_tuf_gaming_a16_fa608pp_um_gray_logo_ai_b09993fb70.png,fpt,,,0.23076923076923067,0.0,0.49244712990936557,0.5,1.0,0.5,0.64,0.687857142857143,0.5,0.536151098901099,0.5526531593406594,0.5474607142857143,0.5162679945054945,0.4,0.49997348214285725,False,False,False,False,False,False,True
"Laptop HP 250R G10 Core 3-100U/8GB/512GB/15.6"" FHD/Win11 (C3RV3AT)",hp,Intel,core 3,nan,nan,8,,,512.0,15.6,,nan,Intel,Intel Graphics,Integrated,nan,nan,nan,nan,14790000,nan,False,0,,In Stock,https://fptshop.com.vn/may-tinh-xach-tay/hp-250r-g10-core-3-100u-c3rv3at?sku=00926042,https://cdn2.fptshop.com.vn/unsafe/hp_250r_g10_silver_01_cf923f35fe.png,fpt,,,0.0,0.0,0.0,0.5,0.8333333333333333,0.5,0.48,0.24750000000000003,0.5,0.255375,0.35184375,0.3406125,0.38991875,0.43333333333333335,0.3515113541666667,False,False,False,False,False,False,True
"Laptop Asus Vivobook X1404VA-EB609W Core 3 100U/8GB/512GB/14"" FHD/Win11",asus,Intel,core 3,nan,nan,8,,,512.0,14.0,,nan,Intel,Intel Graphics,Integrated,nan,nan,nan,nan,17990000,nan,False,0,,In Stock,https://fptshop.com.vn/may-tinh-xach-tay/asus-vivobook-x1404va-eb609w-core-3-100u?sku=00925130,https://cdn2.fptshop.com.vn/unsafe/asus_vivobook_14_x1404_1_172d6c07b6.png,fpt,,,0.0,0.0,0.01661631419939577,0.5,0.1666666666666668,0.5,0.48,0.24750000000000003,0.5,0.255375,0.35184375,0.3406125,0.38991875,0.5666666666666667,0.37817802083333335,False,False,False,False,False,True,False
"Laptop Acer Gaming Predator Helios 16 AI PH16-73-950C Ultra 9 275H/32GB/1TB/16"" OLED/Nvidia GeForce RTX5090 24GB/Win11",acer,Intel,core ultra 9,9.0,nan,32,,,1000.0,16.0,,nan,NVIDIA,RTX 5090,Dedicated,nan,nan,nan,nan,109990000,nan,False,0,,In Stock,https://fptshop.com.vn/may-tinh-xach-tay/acer-gaming-predator-helios-16-ai-ph16-73-950c-ultra-9-275hx?sku=00923431,https://cdn2.fptshop.com.vn/unsafe/00923431_acer_gaming_predator_ai_ph16_73_black_01_529ded2cca.png,fpt,,,1.0,0.3279569892473118,1.0,0.5,1.0,0.5,0.64,0.687857142857143,0.5,0.6843314132104457,0.7050828533026114,0.7072994239631337,0.5829491359447005,0.4,0.5818431057987712,True,True,False,False,False,False,True
"Laptop Acer Aspire Lite 15 AL15-42P-R08M R7 7730U/16GB/512GB/15.6"" FHD/Win11/Office Home 2024",acer,AMD,ryzen 7,7.0,nan,16,,,512.0,15.6,,nan,AMD,AMD Radeon Graphics,Integrated,nan,nan,nan,nan,17690000,nan,False,0,,In Stock,https://fptshop.com.vn/may-tinh-xach-tay/acer-aspire-lite-15-al15-42p-r08m-r7-7730u?sku=00923428,https://cdn2.fptshop.com.vn/unsafe/acer_aspire_lite_15_al15_42p_01_4af029ebf8.png,fpt,,,0.23076923076923067,0.0,0.012084592145015106,0.5,0.8333333333333333,0.5,0.48,0.5790000000000001,0.5,0.4391653846153847,0.43240673076923075,0.430365,0.4726244230769231,0.43333333333333335,0.45305554166666673,False,False,False,False,False,False,True
"Laptop Acer Aspire 16 AI A16-71M-71U7 Ultra 7 155H/16GB/512GB/16""FHD+/Win11",acer,Intel,core ultra 7,7.0,nan,16,,,512.0,16.0,,nan,Intel,Intel Arc Graphics,Integrated,nan,nan,nan,nan,22590000,nan,False,0,,In Stock,https://fptshop.com.vn/may-tinh-xach-tay/acer-aspire-16-ai-a16-71m-71u7-ultra-7-155h?sku=00923025,https://cdn2.fptshop.com.vn/unsafe/00923025_acer_aspire_16_ai_a16_71m_xam_01_e785c354be.png,fpt,,,0.23076923076923067,0.0,0.08610271903323263,0.5,1.0,0.5,0.48,0.5790000000000001,0.5,0.4391653846153847,0.43240673076923075,0.430365,0.4726244230769231,0.4,0.4463888750000001,False,False,False,False,False,False,True
Laptop MSI Gaming Cyborg 15 B2RWFKG-047VN Core 5-210H/AI/16GB/512GB/15.6FHD/RTX5060 8GB/Win11_Balo,msi,Intel,core 5,nan,nan,16,,,512.0,15.6,,nan,NVIDIA,RTX 5060,Dedicated,nan,nan,nan,nan,35990000,nan,False,0,,In Stock,https://fptshop.com.vn/may-tinh-xach-tay/msi-gaming-cyborg-15-b2rwfkg-047vn-core-5-210h?sku=00921509,https://cdn2.fptshop.com.vn/unsafe/00921509_msi_cyborg_15_b2rwx_den_01_990c99771a.png,fpt,,,0.23076923076923067,0.0,0.28851963746223563,0.5,0.8333333333333333,0.5,0.64,0.341,0.5,0.38006538461538464,0.5136317307692307,0.500635,0.44602942307692306,0.43333333333333335,0.42040279166666666,False,False,False,False,False,False,True
"Laptop MSI Venture A14 AI+ A3HMG-004VN RYZEN AI 5 340/16GB/512GB/14""2.8K_OLED/Win11_Túi",msi,AMD,ryzen ai 5,5.0,nan,16,,,512.0,14.0,,nan,AMD,Radeon 840M,Integrated,nan,nan,nan,nan,26990000,nan,False,0,,In Stock,https://fptshop.com.vn/may-tinh-xach-tay/msi-venture-a14-ai-a3hmg-004vn-ryzen-ai-5-340?sku=00921507,https://cdn2.fptshop.com.vn/unsafe/00921507_msi_venture_a14_black_01_0c2259b99e.png,fpt,,,0.23076923076923067,0.0,0.15256797583081572,0.5,0.1666666666666668,0.5,0.48,0.29964285714285716,0.5,0.31345467032967034,0.40097905219780217,0.3926517857142857,0.4160546016483516,0.5666666666666667,0.4102670386904762,False,False,False,False,False,True,False
"Laptop Dell Inspiron 16 5640 Core 7 150U/16GB/1TB/16""FHD+/Win11/Office HS24/OS365",dell,Intel,core 7,nan,nan,16,,,1000.0,16.0,,nan,Intel,Intel Graphics,Integrated,nan,nan,nan,nan,26990000,nan,False,0,,In Stock,https://fptshop.com.vn/may-tinh-xach-tay/dell-inspiron-16-5640-core-7-150u-n5640-c7u161w11ibu?sku=00919254,https://cdn2.fptshop.com.vn/unsafe/dell_inspiron_16_5640_1_3ebb398077.png,fpt,,,0.23076923076923067,0.3279569892473118,0.15256797583081572,0.5,1.0,0.5,0.48,0.42900000000000005,0.5,0.4044610835401158,0.42373065550041356,0.41995370967741935,0.4570074875930521,0.4,0.42721474865591397,False,False,False,False,False,False,True
"Laptop MSI Gaming Stealth A16 AI+ A3XWHG-085VN R9 HX 370/32G/1T/16""QHD OLED/RTX 5070Ti 12G/Win11_Balo",msi,AMD,ryzen ai 9,9.0,nan,12,,,1000.0,16.0,,nan,NVIDIA,RTX 5070 Ti,Dedicated,nan,nan,nan,nan,72490000,nan,False,0,,In Stock,https://fptshop.com.vn/may-tinh-xach-tay/msi-gaming-stealth-a16-ai-a3xwhg-085vn?sku=00918542,https://cdn2.fptshop.com.vn/unsafe/00918542_msi_gaming_stealth_a16_ai_plus_a3xwhg_085vn_den_1_a196e6286b.png,fpt,,,0.03846153846153833,0.3279569892473118,0.8398791540785498,0.5,1.0,0.5,0.64,0.38535714285714284,0.5,0.40397564397967617,0.4907631417641498,0.47896192396313364,0.4567890397908543,0.4,0.4269465432987711,False,False,False,False,False,False,True
"Laptop Acer Gaming Nitro V ANV15-51-500A i5 13420H/16GB/512GB/15.6""FHD/RTX 2050 4GB/Win11",acer,nan,core i5,nan,nan,16,,,512.0,15.6,,nan,NVIDIA,RTX 2050,Dedicated,nan,nan,nan,nan,23690000,nan,False,0,,In Stock,https://fptshop.com.vn/may-tinh-xach-tay/acer-gaming-nitro-v-anv15-51-500a-i5-13420h?sku=00918069,https://cdn2.fptshop.com.vn/unsafe/acer_gaming_nitro_v_anv15_51_1_7bb00e6fc4.png,fpt,,,0.23076923076923067,0.0,0.1027190332326284,0.5,0.8333333333333333,0.5,0.64,0.341,0.5,0.38006538461538464,0.5136317307692307,0.500635,0.44602942307692306,0.43333333333333335,0.42040279166666666,False,False,False,False,False,False,True
"Laptop Acer Gaming Nitro V ANV15-51-73BT i7 13620H/16GB/512GB/15.6""FHD/RTX 2050 4GB/Win11",acer,nan,core i7,nan,nan,16,,,512.0,15.6,,nan,NVIDIA,RTX 2050,Dedicated,nan,nan,nan,nan,25690000,nan,False,0,,In Stock,https://fptshop.com.vn/may-tinh-xach-tay/acer-gaming-nitro-v-anv15-51-73bt-i7-13620h?sku=00918068,https://cdn2.fptshop.com.vn/unsafe/acer_gaming_nitro_v_anv15_51_1_7bb00e6fc4.png,fpt,,,0.23076923076923067,0.0,0.13293051359516617,0.5,0.8333333333333333,0.5,0.64,0.42900000000000005,0.5,0.4196653846153846,0.5235317307692308,0.512515,0.463849423076923,0.43333333333333335,0.4422817916666666,False,False,False,False,False,False,True
"Laptop Acer Swift Go 14 AI SFG14-74T-55HD Ultra 5 225H/16GB/1TB/14""FHD+ Touch/Win11",acer,Intel,core ultra 5,5.0,nan,16,,,1000.0,14.0,,nan,Intel,Intel Arc Graphics,Integrated,nan,nan,nan,nan,32990000,nan,False,0,,In Stock,https://fptshop.com.vn/may-tinh-xach-tay/acer-swift-go-14-ai-sfg14-74t-55hd-ultra-5-225h?sku=00918055,https://cdn2.fptshop.com.vn/unsafe/00918055_acer_swift_go_14_ai_sfg14_74t_1_252209bfd5.png,fpt,,,0.23076923076923067,0.3279569892473118,0.243202416918429,0.5,0.1666666666666668,0.5,0.48,0.4481428571428572,0.5,0.4130753692544015,0.425884226928985,0.42253799539170506,0.46088391616448066,0.5666666666666667,0.4653074748463902,False,False,False,False,False,True,False
"Laptop Asus Gaming ROG Zephyrus G16 GU605CX-QR083W Ultra 9-285H/AI/64GB/2TB/16"" 240Hz/RTX 5090 24GB/Win11",asus,Intel,core ultra 9,9.0,nan,64,,,2000.0,16.0,,nan,NVIDIA,RTX 5090,Dedicated,nan,nan,nan,nan,129590000,nan,False,0,,In Stock,https://fptshop.com.vn/may-tinh-xach-tay/asus-rog-zephyrus-g16-gu605cx-qr083w-ultra-9-285h?sku=00917723,https://cdn2.fptshop.com.vn/unsafe/00917723_Asu_ROG_Zephyrus_G16_GU_605_1_41b8b8603e.png,fpt,,,1.0,1.0,1.0,0.5,1.0,0.5,0.64,0.687857142857143,0.5,0.7515357142857144,0.7218839285714286,0.7274607142857143,0.6131910714285714,0.4,0.6189734821428572,True,True,True,False,False,False,True
"Laptop Acer Predator Helios Neo 16S Gaming AI PHN16S-71-94T0 Ultra9 275HX/32GB/2TB/16"" OLED/GeForce RTX5070Ti 12GB/Win11",acer,Intel,core ultra 9,9.0,nan,32,,,2000.0,16.0,,nan,NVIDIA,RTX 5070 Ti,Dedicated,nan,nan,nan,nan,63290000,nan,False,0,,In Stock,https://fptshop.com.vn/may-tinh-xach-tay/acer-predator-helios-neo-16s-gaming-ai-phn16s-71-94t0-u9-275hx?sku=00916613,https://cdn2.fptshop.com.vn/unsafe/Acer_Predator_Helios_Neo_16_S_den_1_767b078f7f.jpg,fpt,,,1.0,1.0,0.7009063444108762,0.5,1.0,0.5,0.64,0.687857142857143,0.5,0.7515357142857144,0.7218839285714286,0.7274607142857143,0.6131910714285714,0.4,0.6189734821428572,True,True,True,False,False,False,True
"Laptop Acer Predator Helios 18 Gaming AI PH18-73-93P0 Ultra9 275HX/64GB/3TB/18""WQXGA/GeForce RTX5080 16GB/Win11",acer,Intel,core ultra 9,9.0,nan,64,,,3000.0,18.0,,nan,NVIDIA,RTX 5080,Dedicated,nan,nan,nan,nan,141990000,nan,False,0,,In Stock,https://fptshop.com.vn/may-tinh-xach-tay/acer-predator-helios-18-gaming-ai-ph18-73-93p0-u9-275hx?sku=00916611,https://cdn2.fptshop.com.vn/unsafe/acer_predator_helios_18_gaming_ai_ph18_73_den_1_e6a6d14282.jpg,fpt,,,1.0,1.0,1.0,0.5,1.0,0.5,0.64,0.687857142857143,0.5,0.7515357142857144,0.7218839285714286,0.7274607142857143,0.6131910714285714,0.4,0.6189734821428572,True,True,True,False,False,False,True
"Laptop HP ProBook 440 G11 Ultra 7-155U/AI/16GB/512GB/14""WUXGA/Win11_A74BHPT",hp,Intel,core ultra 7,7.0,nan,16,,,512.0,14.0,,nan,Intel,Intel Graphics,Integrated,nan,nan,nan,nan,27190000,nan,False,0,,In Stock,https://fptshop.com.vn/may-tinh-xach-tay/hp-probook-440-g11-ultra-7-155u-a74bhpt?sku=00916648,https://cdn2.fptshop.com.vn/unsafe/HP_Pro_Book_440_G11_bac_1_b5872e5198.jpg,fpt,,,0.23076923076923067,0.0,0.1555891238670695,0.5,0.1666666666666668,0.5,0.48,0.5790000000000001,0.5,0.4391653846153847,0.43240673076923075,0.430365,0.4726244230769231,0.5666666666666667,0.4797222083333334,False,False,False,False,False,True,False
